#! /opt/homebrew/Cellar/icarus-verilog/12.0/bin/vvp
:ivl_version "12.0 (stable)";
:ivl_delay_selection "TYPICAL";
:vpi_time_precision - 12;
:vpi_module "/opt/homebrew/Cellar/icarus-verilog/12.0/lib/ivl/system.vpi";
:vpi_module "/opt/homebrew/Cellar/icarus-verilog/12.0/lib/ivl/vhdl_sys.vpi";
:vpi_module "/opt/homebrew/Cellar/icarus-verilog/12.0/lib/ivl/vhdl_textio.vpi";
:vpi_module "/opt/homebrew/Cellar/icarus-verilog/12.0/lib/ivl/v2005_math.vpi";
:vpi_module "/opt/homebrew/Cellar/icarus-verilog/12.0/lib/ivl/va_math.vpi";
:vpi_module "/opt/homebrew/Cellar/icarus-verilog/12.0/lib/ivl/v2009.vpi";
S_0x125ee91c0 .scope package, "$unit" "$unit" 2 1;
 .timescale 0 0;
S_0x125ee6e50 .scope module, "tb_topModule" "tb_topModule" 3 22;
 .timescale -9 -12;
P_0x125eef710 .param/l "COMPUTE" 1 3 58, C4<011>;
v0x12682e930_0 .array/port v0x12682e930, 0;
L_0x12683a1b0 .functor BUFZ 32, v0x12682e930_0, C4<00000000000000000000000000000000>, C4<00000000000000000000000000000000>, C4<00000000000000000000000000000000>;
v0x12682e930_1 .array/port v0x12682e930, 1;
L_0x12683a5e0 .functor BUFZ 32, v0x12682e930_1, C4<00000000000000000000000000000000>, C4<00000000000000000000000000000000>, C4<00000000000000000000000000000000>;
v0x12682e930_2 .array/port v0x12682e930, 2;
L_0x12683a690 .functor BUFZ 32, v0x12682e930_2, C4<00000000000000000000000000000000>, C4<00000000000000000000000000000000>, C4<00000000000000000000000000000000>;
v0x12682e930_3 .array/port v0x12682e930, 3;
L_0x12683a740 .functor BUFZ 32, v0x12682e930_3, C4<00000000000000000000000000000000>, C4<00000000000000000000000000000000>, C4<00000000000000000000000000000000>;
v0x126834560_0 .var "CLK", 0 0;
v0x126834600_0 .var "activation_in", 7 0;
v0x1268346a0_0 .var "activation_valid", 0 0;
v0x126834770_0 .var/i "fail_count", 31 0;
v0x126834800_0 .net "in_ready", 0 0, L_0x1268367e0;  1 drivers
v0x126834910 .array "out_data", 3 0;
v0x126834910_0 .net/s v0x126834910 0, 31 0, L_0x12683a1b0; 1 drivers
v0x126834910_1 .net/s v0x126834910 1, 31 0, L_0x12683a5e0; 1 drivers
v0x126834910_2 .net/s v0x126834910 2, 31 0, L_0x12683a690; 1 drivers
v0x126834910_3 .net/s v0x126834910 3, 31 0, L_0x12683a740; 1 drivers
v0x1268349c0_0 .var "out_ready", 0 0;
v0x126834a90_0 .net "out_valid", 0 0, L_0x126839cf0;  1 drivers
v0x126834b60_0 .var/i "pass_count", 31 0;
v0x126834c70_0 .var "rst", 0 0;
v0x126834d00 .array "test_inputs", 3 0, 7 0;
v0x126834d90_0 .var/i "timeout", 31 0;
v0x126834e30_0 .var "weight_in", 7 0;
v0x126834ed0_0 .var "weight_valid", 0 0;
v0x126834f60 .array "weights_buf", 15 0, 7 0;
v0x126835000 .array "weights_l0", 15 0, 7 0;
v0x1268350a0 .array "weights_l1", 15 0, 7 0;
v0x126835230 .array "weights_l2", 15 0, 7 0;
E_0x125ea2120 .event anyedge, v0x12682d0c0_0;
S_0x125ede090 .scope task, "do_reset" "do_reset" 3 172, 3 172 0, S_0x125ee6e50;
 .timescale -9 -12;
E_0x125eeb780 .event posedge, v0x125ee4b20_0;
TD_tb_topModule.do_reset ;
    %pushi/vec4 1, 0, 1;
    %store/vec4 v0x126834c70_0, 0, 1;
    %pushi/vec4 0, 0, 1;
    %store/vec4 v0x126834ed0_0, 0, 1;
    %pushi/vec4 0, 0, 1;
    %store/vec4 v0x1268346a0_0, 0, 1;
    %pushi/vec4 0, 0, 8;
    %store/vec4 v0x126834600_0, 0, 8;
    %pushi/vec4 0, 0, 8;
    %store/vec4 v0x126834e30_0, 0, 8;
    %pushi/vec4 0, 0, 1;
    %store/vec4 v0x1268349c0_0, 0, 1;
    %pushi/vec4 5, 0, 32;
T_0.0 %dup/vec4;
    %pushi/vec4 0, 0, 32;
    %cmp/s;
    %jmp/1xz T_0.1, 5;
    %jmp/1 T_0.1, 4;
    %pushi/vec4 1, 0, 32;
    %sub;
    %wait E_0x125eeb780;
    %jmp T_0.0;
T_0.1 ;
    %pop/vec4 1;
    %pushi/vec4 0, 0, 1;
    %store/vec4 v0x126834c70_0, 0, 1;
    %wait E_0x125eeb780;
    %end;
S_0x125ece6f0 .scope task, "load_layer" "load_layer" 3 76, 3 76 0, S_0x125ee6e50;
 .timescale -9 -12;
v0x125ed78c0_0 .var/i "k", 31 0;
v0x125ed3600_0 .var/i "layer", 31 0;
TD_tb_topModule.load_layer ;
    %pushi/vec4 0, 0, 32;
    %store/vec4 v0x125ed78c0_0, 0, 32;
T_1.2 ;
    %load/vec4 v0x125ed78c0_0;
    %cmpi/s 16, 0, 32;
    %jmp/0xz T_1.3, 5;
    %load/vec4 v0x125ed3600_0;
    %dup/vec4;
    %pushi/vec4 0, 0, 32;
    %cmp/u;
    %jmp/1 T_1.4, 6;
    %dup/vec4;
    %pushi/vec4 1, 0, 32;
    %cmp/u;
    %jmp/1 T_1.5, 6;
    %dup/vec4;
    %pushi/vec4 2, 0, 32;
    %cmp/u;
    %jmp/1 T_1.6, 6;
    %pushi/vec4 0, 0, 8;
    %ix/getv/s 4, v0x125ed78c0_0;
    %store/vec4a v0x126834f60, 4, 0;
    %jmp T_1.8;
T_1.4 ;
    %ix/getv/s 4, v0x125ed78c0_0;
    %load/vec4a v0x126835000, 4;
    %ix/getv/s 4, v0x125ed78c0_0;
    %store/vec4a v0x126834f60, 4, 0;
    %jmp T_1.8;
T_1.5 ;
    %ix/getv/s 4, v0x125ed78c0_0;
    %load/vec4a v0x1268350a0, 4;
    %ix/getv/s 4, v0x125ed78c0_0;
    %store/vec4a v0x126834f60, 4, 0;
    %jmp T_1.8;
T_1.6 ;
    %ix/getv/s 4, v0x125ed78c0_0;
    %load/vec4a v0x126835230, 4;
    %ix/getv/s 4, v0x125ed78c0_0;
    %store/vec4a v0x126834f60, 4, 0;
    %jmp T_1.8;
T_1.8 ;
    %pop/vec4 1;
    %load/vec4 v0x125ed78c0_0;
    %addi 1, 0, 32;
    %store/vec4 v0x125ed78c0_0, 0, 32;
    %jmp T_1.2;
T_1.3 ;
    %end;
S_0x125ef2570 .scope task, "send_inputs" "send_inputs" 3 113, 3 113 0, S_0x125ee6e50;
 .timescale -9 -12;
v0x125ed3330_0 .var/i "j", 31 0;
TD_tb_topModule.send_inputs ;
    %vpi_call/w 3 116 "$display", "[%0t] sending inputs", $time {0 0 0};
    %pushi/vec4 0, 0, 32;
    %store/vec4 v0x125ed3330_0, 0, 32;
T_2.9 ;
    %load/vec4 v0x125ed3330_0;
    %cmpi/s 4, 0, 32;
    %jmp/0xz T_2.10, 5;
    %wait E_0x125eeb780;
    %delay 1000, 0;
    %pushi/vec4 1, 0, 1;
    %store/vec4 v0x1268346a0_0, 0, 1;
    %ix/getv/s 4, v0x125ed3330_0;
    %load/vec4a v0x126834d00, 4;
    %store/vec4 v0x126834600_0, 0, 8;
    %load/vec4 v0x125ed3330_0;
    %addi 1, 0, 32;
    %store/vec4 v0x125ed3330_0, 0, 32;
    %jmp T_2.9;
T_2.10 ;
    %wait E_0x125eeb780;
    %delay 1000, 0;
    %pushi/vec4 0, 0, 1;
    %store/vec4 v0x1268346a0_0, 0, 1;
    %pushi/vec4 0, 0, 8;
    %store/vec4 v0x126834600_0, 0, 8;
    %end;
S_0x125eb9a40 .scope task, "send_weights" "send_weights" 3 94, 3 94 0, S_0x125ee6e50;
 .timescale -9 -12;
v0x125ed2d40_0 .var/i "j", 31 0;
v0x125e89b90_0 .var "layer_num", 63 0;
TD_tb_topModule.send_weights ;
    %vpi_call/w 3 98 "$display", "[%0t] loading layer %0d weights", $time, v0x125e89b90_0 {0 0 0};
    %pushi/vec4 0, 0, 32;
    %store/vec4 v0x125ed2d40_0, 0, 32;
T_3.11 ;
    %load/vec4 v0x125ed2d40_0;
    %cmpi/s 16, 0, 32;
    %jmp/0xz T_3.12, 5;
    %wait E_0x125eeb780;
    %delay 1000, 0;
    %pushi/vec4 1, 0, 1;
    %store/vec4 v0x126834ed0_0, 0, 1;
    %ix/getv/s 4, v0x125ed2d40_0;
    %load/vec4a v0x126834f60, 4;
    %store/vec4 v0x126834e30_0, 0, 8;
    %load/vec4 v0x125ed2d40_0;
    %addi 1, 0, 32;
    %store/vec4 v0x125ed2d40_0, 0, 32;
    %jmp T_3.11;
T_3.12 ;
    %wait E_0x125eeb780;
    %delay 1000, 0;
    %pushi/vec4 0, 0, 1;
    %store/vec4 v0x126834ed0_0, 0, 1;
    %pushi/vec4 0, 0, 8;
    %store/vec4 v0x126834e30_0, 0, 8;
    %end;
S_0x125eefa70 .scope module, "u_top" "topModule" 3 44, 4 1 0, S_0x125ee6e50;
 .timescale 0 0;
    .port_info 0 /INPUT 1 "clk";
    .port_info 1 /INPUT 1 "rst";
    .port_info 2 /INPUT 1 "weight_valid";
    .port_info 3 /INPUT 1 "activation_valid";
    .port_info 4 /INPUT 8 "activation_in";
    .port_info 5 /INPUT 8 "weight_in";
    .port_info 6 /OUTPUT 1 "in_ready";
    .port_info 7 /OUTPUT 1 "out_valid";
    .port_info 8 /OUTPUT 128 "out_data";
    .port_info 9 /INPUT 1 "out_ready";
L_0x126836ac0 .functor NOT 1, v0x12682cc50_0, C4<0>, C4<0>, C4<0>;
L_0x126836b90 .functor AND 1, L_0x126836ac0, v0x12682ce80_0, C4<1>, C4<1>;
L_0x126836c60 .functor NOT 1, v0x12682c8b0_0, C4<0>, C4<0>, C4<0>;
L_0x126836d10 .functor AND 1, L_0x126836c60, v0x12682d150_0, C4<1>, C4<1>;
L_0x1268377f0 .functor AND 1, v0x12682cc50_0, v0x12682ce80_0, C4<1>, C4<1>;
L_0x126837bd0 .functor AND 1, v0x12682c8b0_0, v0x12682d150_0, C4<1>, C4<1>;
L_0x1268385e0 .functor OR 1, v0x12682fed0_0, v0x126831700_0, C4<0>, C4<0>;
v0x12682dd60_0 .array/port v0x12682dd60, 0;
L_0x126838d90 .functor BUFZ 8, v0x12682dd60_0, C4<00000000>, C4<00000000>, C4<00000000>;
v0x12682dd60_1 .array/port v0x12682dd60, 1;
L_0x126838e80 .functor BUFZ 8, v0x12682dd60_1, C4<00000000>, C4<00000000>, C4<00000000>;
v0x12682dd60_2 .array/port v0x12682dd60, 2;
L_0x1268388c0 .functor BUFZ 8, v0x12682dd60_2, C4<00000000>, C4<00000000>, C4<00000000>;
v0x12682dd60_3 .array/port v0x12682dd60, 3;
L_0x1268389b0 .functor BUFZ 8, v0x12682dd60_3, C4<00000000>, C4<00000000>, C4<00000000>;
L_0x126838f70 .functor BUFZ 8, L_0x1268352c0, C4<00000000>, C4<00000000>, C4<00000000>;
L_0x126839020 .functor BUFZ 8, L_0x126835380, C4<00000000>, C4<00000000>, C4<00000000>;
L_0x1268392f0 .functor BUFZ 8, L_0x126835460, C4<00000000>, C4<00000000>, C4<00000000>;
L_0x1268393a0 .functor BUFZ 8, L_0x126835580, C4<00000000>, C4<00000000>, C4<00000000>;
L_0x126839160 .functor BUFZ 8, L_0x126835660, C4<00000000>, C4<00000000>, C4<00000000>;
L_0x126839210 .functor BUFZ 8, L_0x126835730, C4<00000000>, C4<00000000>, C4<00000000>;
L_0x126839600 .functor BUFZ 8, L_0x126835830, C4<00000000>, C4<00000000>, C4<00000000>;
L_0x1268396b0 .functor BUFZ 8, L_0x126835a10, C4<00000000>, C4<00000000>, C4<00000000>;
L_0x126839450 .functor BUFZ 8, L_0x126835ab0, C4<00000000>, C4<00000000>, C4<00000000>;
L_0x126839500 .functor BUFZ 8, L_0x126835ba0, C4<00000000>, C4<00000000>, C4<00000000>;
L_0x126839930 .functor BUFZ 8, L_0x126835c60, C4<00000000>, C4<00000000>, C4<00000000>;
L_0x1268399a0 .functor BUFZ 8, L_0x126835d60, C4<00000000>, C4<00000000>, C4<00000000>;
L_0x126839760 .functor BUFZ 8, L_0x126835e40, C4<00000000>, C4<00000000>, C4<00000000>;
L_0x126839810 .functor BUFZ 8, L_0x126835f50, C4<00000000>, C4<00000000>, C4<00000000>;
L_0x1268398c0 .functor BUFZ 8, L_0x126836010, C4<00000000>, C4<00000000>, C4<00000000>;
L_0x126839c40 .functor BUFZ 8, L_0x126835910, C4<00000000>, C4<00000000>, C4<00000000>;
L_0x126839a50 .functor BUFZ 32, L_0x126838ad0, C4<00000000000000000000000000000000>, C4<00000000000000000000000000000000>, C4<00000000000000000000000000000000>;
L_0x126839b00 .functor BUFZ 32, L_0x126838b80, C4<00000000000000000000000000000000>, C4<00000000000000000000000000000000>, C4<00000000000000000000000000000000>;
L_0x126839bb0 .functor BUFZ 32, L_0x126838c30, C4<00000000000000000000000000000000>, C4<00000000000000000000000000000000>, C4<00000000000000000000000000000000>;
L_0x126839f40 .functor BUFZ 32, L_0x126838ce0, C4<00000000000000000000000000000000>, C4<00000000000000000000000000000000>, C4<00000000000000000000000000000000>;
L_0x126839d60 .functor BUFZ 32, L_0x126839a50, C4<00000000000000000000000000000000>, C4<00000000000000000000000000000000>, C4<00000000000000000000000000000000>;
L_0x126839e10 .functor BUFZ 32, L_0x126839b00, C4<00000000000000000000000000000000>, C4<00000000000000000000000000000000>, C4<00000000000000000000000000000000>;
L_0x12683a220 .functor BUFZ 32, L_0x126839bb0, C4<00000000000000000000000000000000>, C4<00000000000000000000000000000000>, C4<00000000000000000000000000000000>;
L_0x12683a290 .functor BUFZ 32, L_0x126839f40, C4<00000000000000000000000000000000>, C4<00000000000000000000000000000000>, C4<00000000000000000000000000000000>;
v0x126831ec0_0 .net *"_ivl_32", 7 0, L_0x126836330;  1 drivers
v0x126831f80_0 .net *"_ivl_34", 3 0, L_0x126836460;  1 drivers
L_0x128088010 .functor BUFT 1, C4<00>, C4<0>, C4<0>, C4<0>;
v0x126832020_0 .net *"_ivl_37", 1 0, L_0x128088010;  1 drivers
v0x1268320b0_0 .net *"_ivl_46", 0 0, L_0x126836ac0;  1 drivers
v0x126832160_0 .net *"_ivl_50", 0 0, L_0x126836c60;  1 drivers
v0x126832250_0 .net "act_valid_mux", 0 0, L_0x126836680;  1 drivers
v0x1268322e0 .array "activation_data", 3 0;
v0x1268322e0_0 .net/s v0x1268322e0 0, 7 0, v0x12682dd60_0; 1 drivers
v0x1268322e0_1 .net/s v0x1268322e0 1, 7 0, v0x12682dd60_1; 1 drivers
v0x1268322e0_2 .net/s v0x1268322e0 2, 7 0, v0x12682dd60_2; 1 drivers
v0x1268322e0_3 .net/s v0x1268322e0 3, 7 0, v0x12682dd60_3; 1 drivers
v0x1268323d0_0 .net "activation_in", 7 0, v0x126834600_0;  1 drivers
v0x126832480_0 .net "activation_valid", 0 0, v0x1268346a0_0;  1 drivers
v0x1268325a0_0 .net "bufSel", 0 0, v0x12682c8b0_0;  1 drivers
v0x126832650_0 .net "clk", 0 0, v0x126834560_0;  1 drivers
v0x1268326e0_0 .net "done_compute", 0 0, v0x126820810_0;  1 drivers
v0x126832770_0 .var "fb_active", 0 0;
v0x126832800_0 .var "fb_idx", 1 0;
v0x126832890 .array/s "feedback_data", 3 0, 7 0;
v0x126832920_0 .var "feedback_valid", 0 0;
v0x1268329b0_0 .net "in_ready", 0 0, L_0x1268367e0;  alias, 1 drivers
v0x126832b60_0 .net "input_load_done", 0 0, v0x12682db90_0;  1 drivers
v0x126832bf0_0 .net "input_read_en", 0 0, v0x12682cbc0_0;  1 drivers
v0x126832c80_0 .net "loadSel", 0 0, v0x12682cc50_0;  1 drivers
v0x126832d10_0 .net "load_done", 0 0, L_0x1268385e0;  1 drivers
v0x126832da0_0 .net "load_doneA", 0 0, v0x12682fed0_0;  1 drivers
v0x126832e50_0 .net "load_doneB", 0 0, v0x126831700_0;  1 drivers
v0x126832ee0_0 .net "load_input", 0 0, v0x12682cdf0_0;  1 drivers
v0x126832fb0_0 .net "load_weight", 0 0, v0x12682ce80_0;  1 drivers
v0x126833040_0 .net "mux_res", 7 0, L_0x126836500;  1 drivers
v0x1268330d0 .array "out_data", 3 0;
v0x1268330d0_0 .net/s v0x1268330d0 0, 31 0, v0x12682e930_0; 1 drivers
v0x1268330d0_1 .net/s v0x1268330d0 1, 31 0, v0x12682e930_1; 1 drivers
v0x1268330d0_2 .net/s v0x1268330d0 2, 31 0, v0x12682e930_2; 1 drivers
v0x1268330d0_3 .net/s v0x1268330d0 3, 31 0, v0x12682e930_3; 1 drivers
v0x1268331a0_0 .net "out_ready", 0 0, v0x1268349c0_0;  1 drivers
v0x126833250_0 .net "out_valid", 0 0, L_0x126839cf0;  alias, 1 drivers
v0x126833300 .array "pre_bias_data", 3 0;
v0x126833300_0 .net/s v0x126833300 0, 31 0, L_0x126839a50; 1 drivers
v0x126833300_1 .net/s v0x126833300 1, 31 0, L_0x126839b00; 1 drivers
v0x126833300_2 .net/s v0x126833300 2, 31 0, L_0x126839bb0; 1 drivers
v0x126833300_3 .net/s v0x126833300 3, 31 0, L_0x126839f40; 1 drivers
v0x1268333e0_0 .net "rst", 0 0, v0x126834c70_0;  1 drivers
v0x126833470_0 .net "start_compute", 0 0, v0x12682d030_0;  1 drivers
v0x126833540_0 .var "use_feedback", 0 0;
v0x126832a50 .array "weight_data", 15 0;
v0x126832a50_0 .net/s v0x126832a50 0, 7 0, L_0x1268352c0; 1 drivers
v0x126832a50_1 .net/s v0x126832a50 1, 7 0, L_0x126835380; 1 drivers
v0x126832a50_2 .net/s v0x126832a50 2, 7 0, L_0x126835460; 1 drivers
v0x126832a50_3 .net/s v0x126832a50 3, 7 0, L_0x126835580; 1 drivers
v0x126832a50_4 .net/s v0x126832a50 4, 7 0, L_0x126835660; 1 drivers
v0x126832a50_5 .net/s v0x126832a50 5, 7 0, L_0x126835730; 1 drivers
v0x126832a50_6 .net/s v0x126832a50 6, 7 0, L_0x126835830; 1 drivers
v0x126832a50_7 .net/s v0x126832a50 7, 7 0, L_0x126835a10; 1 drivers
v0x126832a50_8 .net/s v0x126832a50 8, 7 0, L_0x126835ab0; 1 drivers
v0x126832a50_9 .net/s v0x126832a50 9, 7 0, L_0x126835ba0; 1 drivers
v0x126832a50_10 .net/s v0x126832a50 10, 7 0, L_0x126835c60; 1 drivers
v0x126832a50_11 .net/s v0x126832a50 11, 7 0, L_0x126835d60; 1 drivers
v0x126832a50_12 .net/s v0x126832a50 12, 7 0, L_0x126835e40; 1 drivers
v0x126832a50_13 .net/s v0x126832a50 13, 7 0, L_0x126835f50; 1 drivers
v0x126832a50_14 .net/s v0x126832a50 14, 7 0, L_0x126836010; 1 drivers
v0x126832a50_15 .net/s v0x126832a50 15, 7 0, L_0x126835910; 1 drivers
v0x1268301d0_0 .array/port v0x1268301d0, 0;
v0x126833900 .array "weight_dataA", 15 0;
v0x126833900_0 .net/s v0x126833900 0, 7 0, v0x1268301d0_0; 1 drivers
v0x1268301d0_1 .array/port v0x1268301d0, 1;
v0x126833900_1 .net/s v0x126833900 1, 7 0, v0x1268301d0_1; 1 drivers
v0x1268301d0_2 .array/port v0x1268301d0, 2;
v0x126833900_2 .net/s v0x126833900 2, 7 0, v0x1268301d0_2; 1 drivers
v0x1268301d0_3 .array/port v0x1268301d0, 3;
v0x126833900_3 .net/s v0x126833900 3, 7 0, v0x1268301d0_3; 1 drivers
v0x1268301d0_4 .array/port v0x1268301d0, 4;
v0x126833900_4 .net/s v0x126833900 4, 7 0, v0x1268301d0_4; 1 drivers
v0x1268301d0_5 .array/port v0x1268301d0, 5;
v0x126833900_5 .net/s v0x126833900 5, 7 0, v0x1268301d0_5; 1 drivers
v0x1268301d0_6 .array/port v0x1268301d0, 6;
v0x126833900_6 .net/s v0x126833900 6, 7 0, v0x1268301d0_6; 1 drivers
v0x1268301d0_7 .array/port v0x1268301d0, 7;
v0x126833900_7 .net/s v0x126833900 7, 7 0, v0x1268301d0_7; 1 drivers
v0x1268301d0_8 .array/port v0x1268301d0, 8;
v0x126833900_8 .net/s v0x126833900 8, 7 0, v0x1268301d0_8; 1 drivers
v0x1268301d0_9 .array/port v0x1268301d0, 9;
v0x126833900_9 .net/s v0x126833900 9, 7 0, v0x1268301d0_9; 1 drivers
v0x1268301d0_10 .array/port v0x1268301d0, 10;
v0x126833900_10 .net/s v0x126833900 10, 7 0, v0x1268301d0_10; 1 drivers
v0x1268301d0_11 .array/port v0x1268301d0, 11;
v0x126833900_11 .net/s v0x126833900 11, 7 0, v0x1268301d0_11; 1 drivers
v0x1268301d0_12 .array/port v0x1268301d0, 12;
v0x126833900_12 .net/s v0x126833900 12, 7 0, v0x1268301d0_12; 1 drivers
v0x1268301d0_13 .array/port v0x1268301d0, 13;
v0x126833900_13 .net/s v0x126833900 13, 7 0, v0x1268301d0_13; 1 drivers
v0x1268301d0_14 .array/port v0x1268301d0, 14;
v0x126833900_14 .net/s v0x126833900 14, 7 0, v0x1268301d0_14; 1 drivers
v0x1268301d0_15 .array/port v0x1268301d0, 15;
v0x126833900_15 .net/s v0x126833900 15, 7 0, v0x1268301d0_15; 1 drivers
v0x1268319e0_0 .array/port v0x1268319e0, 0;
v0x126833b20 .array "weight_dataB", 15 0;
v0x126833b20_0 .net/s v0x126833b20 0, 7 0, v0x1268319e0_0; 1 drivers
v0x1268319e0_1 .array/port v0x1268319e0, 1;
v0x126833b20_1 .net/s v0x126833b20 1, 7 0, v0x1268319e0_1; 1 drivers
v0x1268319e0_2 .array/port v0x1268319e0, 2;
v0x126833b20_2 .net/s v0x126833b20 2, 7 0, v0x1268319e0_2; 1 drivers
v0x1268319e0_3 .array/port v0x1268319e0, 3;
v0x126833b20_3 .net/s v0x126833b20 3, 7 0, v0x1268319e0_3; 1 drivers
v0x1268319e0_4 .array/port v0x1268319e0, 4;
v0x126833b20_4 .net/s v0x126833b20 4, 7 0, v0x1268319e0_4; 1 drivers
v0x1268319e0_5 .array/port v0x1268319e0, 5;
v0x126833b20_5 .net/s v0x126833b20 5, 7 0, v0x1268319e0_5; 1 drivers
v0x1268319e0_6 .array/port v0x1268319e0, 6;
v0x126833b20_6 .net/s v0x126833b20 6, 7 0, v0x1268319e0_6; 1 drivers
v0x1268319e0_7 .array/port v0x1268319e0, 7;
v0x126833b20_7 .net/s v0x126833b20 7, 7 0, v0x1268319e0_7; 1 drivers
v0x1268319e0_8 .array/port v0x1268319e0, 8;
v0x126833b20_8 .net/s v0x126833b20 8, 7 0, v0x1268319e0_8; 1 drivers
v0x1268319e0_9 .array/port v0x1268319e0, 9;
v0x126833b20_9 .net/s v0x126833b20 9, 7 0, v0x1268319e0_9; 1 drivers
v0x1268319e0_10 .array/port v0x1268319e0, 10;
v0x126833b20_10 .net/s v0x126833b20 10, 7 0, v0x1268319e0_10; 1 drivers
v0x1268319e0_11 .array/port v0x1268319e0, 11;
v0x126833b20_11 .net/s v0x126833b20 11, 7 0, v0x1268319e0_11; 1 drivers
v0x1268319e0_12 .array/port v0x1268319e0, 12;
v0x126833b20_12 .net/s v0x126833b20 12, 7 0, v0x1268319e0_12; 1 drivers
v0x1268319e0_13 .array/port v0x1268319e0, 13;
v0x126833b20_13 .net/s v0x126833b20 13, 7 0, v0x1268319e0_13; 1 drivers
v0x1268319e0_14 .array/port v0x1268319e0, 14;
v0x126833b20_14 .net/s v0x126833b20 14, 7 0, v0x1268319e0_14; 1 drivers
v0x1268319e0_15 .array/port v0x1268319e0, 15;
v0x126833b20_15 .net/s v0x126833b20 15, 7 0, v0x1268319e0_15; 1 drivers
v0x126833d40_0 .net "weight_in", 7 0, v0x126834e30_0;  1 drivers
v0x126833e20_0 .net "weight_read_en", 0 0, v0x12682d150_0;  1 drivers
v0x126833eb0_0 .net "weight_valid", 0 0, v0x126834ed0_0;  1 drivers
L_0x1268352c0 .functor MUXZ 8, v0x1268301d0_0, v0x1268319e0_0, v0x12682c8b0_0, C4<>;
L_0x126835380 .functor MUXZ 8, v0x1268301d0_1, v0x1268319e0_1, v0x12682c8b0_0, C4<>;
L_0x126835460 .functor MUXZ 8, v0x1268301d0_2, v0x1268319e0_2, v0x12682c8b0_0, C4<>;
L_0x126835580 .functor MUXZ 8, v0x1268301d0_3, v0x1268319e0_3, v0x12682c8b0_0, C4<>;
L_0x126835660 .functor MUXZ 8, v0x1268301d0_4, v0x1268319e0_4, v0x12682c8b0_0, C4<>;
L_0x126835730 .functor MUXZ 8, v0x1268301d0_5, v0x1268319e0_5, v0x12682c8b0_0, C4<>;
L_0x126835830 .functor MUXZ 8, v0x1268301d0_6, v0x1268319e0_6, v0x12682c8b0_0, C4<>;
L_0x126835a10 .functor MUXZ 8, v0x1268301d0_7, v0x1268319e0_7, v0x12682c8b0_0, C4<>;
L_0x126835ab0 .functor MUXZ 8, v0x1268301d0_8, v0x1268319e0_8, v0x12682c8b0_0, C4<>;
L_0x126835ba0 .functor MUXZ 8, v0x1268301d0_9, v0x1268319e0_9, v0x12682c8b0_0, C4<>;
L_0x126835c60 .functor MUXZ 8, v0x1268301d0_10, v0x1268319e0_10, v0x12682c8b0_0, C4<>;
L_0x126835d60 .functor MUXZ 8, v0x1268301d0_11, v0x1268319e0_11, v0x12682c8b0_0, C4<>;
L_0x126835e40 .functor MUXZ 8, v0x1268301d0_12, v0x1268319e0_12, v0x12682c8b0_0, C4<>;
L_0x126835f50 .functor MUXZ 8, v0x1268301d0_13, v0x1268319e0_13, v0x12682c8b0_0, C4<>;
L_0x126836010 .functor MUXZ 8, v0x1268301d0_14, v0x1268319e0_14, v0x12682c8b0_0, C4<>;
L_0x126835910 .functor MUXZ 8, v0x1268301d0_15, v0x1268319e0_15, v0x12682c8b0_0, C4<>;
L_0x126836330 .array/port v0x126832890, L_0x126836460;
L_0x126836460 .concat [ 2 2 0 0], v0x126832800_0, L_0x128088010;
L_0x126836500 .functor MUXZ 8, v0x126834600_0, L_0x126836330, v0x126833540_0, C4<>;
L_0x126836680 .functor MUXZ 1, v0x1268346a0_0, v0x126832920_0, v0x126833540_0, C4<>;
S_0x125eef380 .scope generate, "genblk1[0]" "genblk1[0]" 4 137, 4 137 0, S_0x125eefa70;
 .timescale 0 0;
P_0x125ed2e10 .param/l "r" 1 4 137, +C4<00>;
S_0x125eeec70 .scope generate, "genblk1[0]" "genblk1[0]" 4 138, 4 138 0, S_0x125eef380;
 .timescale 0 0;
P_0x125ed0a50 .param/l "c" 1 4 138, +C4<00>;
S_0x125eee5a0 .scope generate, "genblk1[1]" "genblk1[1]" 4 138, 4 138 0, S_0x125eef380;
 .timescale 0 0;
P_0x125ed0ad0 .param/l "c" 1 4 138, +C4<01>;
S_0x125eebac0 .scope generate, "genblk1[2]" "genblk1[2]" 4 138, 4 138 0, S_0x125eef380;
 .timescale 0 0;
P_0x125ecef60 .param/l "c" 1 4 138, +C4<010>;
S_0x125ee8c30 .scope generate, "genblk1[3]" "genblk1[3]" 4 138, 4 138 0, S_0x125eef380;
 .timescale 0 0;
P_0x125ecf030 .param/l "c" 1 4 138, +C4<011>;
S_0x125eddb00 .scope generate, "genblk1[1]" "genblk1[1]" 4 137, 4 137 0, S_0x125eefa70;
 .timescale 0 0;
P_0x125eced30 .param/l "r" 1 4 137, +C4<01>;
S_0x125edb7b0 .scope generate, "genblk1[0]" "genblk1[0]" 4 138, 4 138 0, S_0x125eddb00;
 .timescale 0 0;
P_0x125ecea30 .param/l "c" 1 4 138, +C4<00>;
S_0x125ed9450 .scope generate, "genblk1[1]" "genblk1[1]" 4 138, 4 138 0, S_0x125eddb00;
 .timescale 0 0;
P_0x125e85b00 .param/l "c" 1 4 138, +C4<01>;
S_0x125ed7110 .scope generate, "genblk1[2]" "genblk1[2]" 4 138, 4 138 0, S_0x125eddb00;
 .timescale 0 0;
P_0x125ecccc0 .param/l "c" 1 4 138, +C4<010>;
S_0x125ed4dd0 .scope generate, "genblk1[3]" "genblk1[3]" 4 138, 4 138 0, S_0x125eddb00;
 .timescale 0 0;
P_0x125ecc9a0 .param/l "c" 1 4 138, +C4<011>;
S_0x125ed2a90 .scope generate, "genblk1[2]" "genblk1[2]" 4 137, 4 137 0, S_0x125eefa70;
 .timescale 0 0;
P_0x125ecc3e0 .param/l "r" 1 4 137, +C4<010>;
S_0x125ed0750 .scope generate, "genblk1[0]" "genblk1[0]" 4 138, 4 138 0, S_0x125ed2a90;
 .timescale 0 0;
P_0x125ecc460 .param/l "c" 1 4 138, +C4<00>;
S_0x125ec96c0 .scope generate, "genblk1[1]" "genblk1[1]" 4 138, 4 138 0, S_0x125ed2a90;
 .timescale 0 0;
P_0x125eca810 .param/l "c" 1 4 138, +C4<01>;
S_0x125ec7e10 .scope generate, "genblk1[2]" "genblk1[2]" 4 138, 4 138 0, S_0x125ed2a90;
 .timescale 0 0;
P_0x125eca110 .param/l "c" 1 4 138, +C4<010>;
S_0x125eb3490 .scope generate, "genblk1[3]" "genblk1[3]" 4 138, 4 138 0, S_0x125ed2a90;
 .timescale 0 0;
P_0x125eca1e0 .param/l "c" 1 4 138, +C4<011>;
S_0x125eae700 .scope generate, "genblk1[3]" "genblk1[3]" 4 137, 4 137 0, S_0x125eefa70;
 .timescale 0 0;
P_0x125ec9c60 .param/l "r" 1 4 137, +C4<011>;
S_0x125ee5070 .scope generate, "genblk1[0]" "genblk1[0]" 4 138, 4 138 0, S_0x125eae700;
 .timescale 0 0;
P_0x125ec9530 .param/l "c" 1 4 138, +C4<00>;
S_0x125eca300 .scope generate, "genblk1[1]" "genblk1[1]" 4 138, 4 138 0, S_0x125eae700;
 .timescale 0 0;
P_0x125ec8f80 .param/l "c" 1 4 138, +C4<01>;
S_0x125ec8a40 .scope generate, "genblk1[2]" "genblk1[2]" 4 138, 4 138 0, S_0x125eae700;
 .timescale 0 0;
P_0x125ec8860 .param/l "c" 1 4 138, +C4<010>;
S_0x125eadba0 .scope generate, "genblk1[3]" "genblk1[3]" 4 138, 4 138 0, S_0x125eae700;
 .timescale 0 0;
P_0x125ec88e0 .param/l "c" 1 4 138, +C4<011>;
S_0x125eb81c0 .scope module, "u_array" "systolic_array" 4 148, 5 1 0, S_0x125eefa70;
 .timescale 0 0;
    .port_info 0 /INPUT 1 "clk";
    .port_info 1 /INPUT 1 "rst";
    .port_info 2 /INPUT 1 "w_load";
    .port_info 3 /INPUT 1 "start_compute";
    .port_info 4 /INPUT 32 "a_in";
    .port_info 5 /INPUT 128 "b_in";
    .port_info 6 /OUTPUT 128 "result_out";
    .port_info 7 /OUTPUT 1 "done";
P_0x125eb8370 .param/l "TOTAL_CYCLES" 1 5 16, +C4<00000000000000000000000000000100>;
v0x12682b3a0 .array "a_in", 3 0;
v0x12682b3a0_0 .net/s v0x12682b3a0 0, 7 0, L_0x126838d90; 1 drivers
v0x12682b3a0_1 .net/s v0x12682b3a0 1, 7 0, L_0x126838e80; 1 drivers
v0x12682b3a0_2 .net/s v0x12682b3a0 2, 7 0, L_0x1268388c0; 1 drivers
v0x12682b3a0_3 .net/s v0x12682b3a0 3, 7 0, L_0x1268389b0; 1 drivers
v0x12682b4a0 .array "a_wire", 19 0;
v0x12682b4a0_0 .net/s v0x12682b4a0 0, 7 0, L_0x1268386b0; 1 drivers
v0x12682b4a0_1 .net/s v0x12682b4a0 1, 7 0, v0x125ee0460_0; 1 drivers
v0x12682b4a0_2 .net/s v0x12682b4a0 2, 7 0, v0x125ecc0a0_0; 1 drivers
v0x12682b4a0_3 .net/s v0x12682b4a0 3, 7 0, v0x125e9a400_0; 1 drivers
v0x12682b4a0_4 .net/s v0x12682b4a0 4, 7 0, v0x125eafee0_0; 1 drivers
v0x12682b4a0_5 .net/s v0x12682b4a0 5, 7 0, L_0x126838720; 1 drivers
v0x12682b4a0_6 .net/s v0x12682b4a0 6, 7 0, v0x125eb1590_0; 1 drivers
v0x12682b4a0_7 .net/s v0x12682b4a0 7, 7 0, v0x12681c6a0_0; 1 drivers
v0x12682b4a0_8 .net/s v0x12682b4a0 8, 7 0, v0x12681dbf0_0; 1 drivers
v0x12682b4a0_9 .net/s v0x12682b4a0 9, 7 0, v0x12681f130_0; 1 drivers
v0x12682b4a0_10 .net/s v0x12682b4a0 10, 7 0, L_0x126838790; 1 drivers
v0x12682b4a0_11 .net/s v0x12682b4a0 11, 7 0, v0x126820af0_0; 1 drivers
v0x12682b4a0_12 .net/s v0x12682b4a0 12, 7 0, v0x126822090_0; 1 drivers
v0x12682b4a0_13 .net/s v0x12682b4a0 13, 7 0, v0x1268235e0_0; 1 drivers
v0x12682b4a0_14 .net/s v0x12682b4a0 14, 7 0, v0x126824b20_0; 1 drivers
v0x12682b4a0_15 .net/s v0x12682b4a0 15, 7 0, L_0x126838a20; 1 drivers
v0x12682b4a0_16 .net/s v0x12682b4a0 16, 7 0, v0x1268262b0_0; 1 drivers
v0x12682b4a0_17 .net/s v0x12682b4a0 17, 7 0, v0x126827800_0; 1 drivers
v0x12682b4a0_18 .net/s v0x12682b4a0 18, 7 0, v0x126828d50_0; 1 drivers
v0x12682b4a0_19 .net/s v0x12682b4a0 19, 7 0, v0x12682a290_0; 1 drivers
L_0x128088058 .functor BUFT 1, C4<00000000000000000000000000000000>, C4<0>, C4<0>, C4<0>;
v0x12682b6e0 .array "acc_wire", 19 0;
v0x12682b6e0_0 .net/s v0x12682b6e0 0, 31 0, L_0x128088058; 1 drivers
L_0x1280880a0 .functor BUFT 1, C4<00000000000000000000000000000000>, C4<0>, C4<0>, C4<0>;
v0x12682b6e0_1 .net/s v0x12682b6e0 1, 31 0, L_0x1280880a0; 1 drivers
L_0x1280880e8 .functor BUFT 1, C4<00000000000000000000000000000000>, C4<0>, C4<0>, C4<0>;
v0x12682b6e0_2 .net/s v0x12682b6e0 2, 31 0, L_0x1280880e8; 1 drivers
L_0x128088130 .functor BUFT 1, C4<00000000000000000000000000000000>, C4<0>, C4<0>, C4<0>;
v0x12682b6e0_3 .net/s v0x12682b6e0 3, 31 0, L_0x128088130; 1 drivers
v0x12682b6e0_4 .net/s v0x12682b6e0 4, 31 0, v0x125ed7740_0; 1 drivers
v0x12682b6e0_5 .net/s v0x12682b6e0 5, 31 0, v0x125ec82c0_0; 1 drivers
v0x12682b6e0_6 .net/s v0x12682b6e0 6, 31 0, v0x125e98380_0; 1 drivers
v0x12682b6e0_7 .net/s v0x12682b6e0 7, 31 0, v0x125eaf3d0_0; 1 drivers
v0x12682b6e0_8 .net/s v0x12682b6e0 8, 31 0, v0x125eade20_0; 1 drivers
v0x12682b6e0_9 .net/s v0x12682b6e0 9, 31 0, v0x12681c800_0; 1 drivers
v0x12682b6e0_10 .net/s v0x12682b6e0 10, 31 0, v0x12681dd50_0; 1 drivers
v0x12682b6e0_11 .net/s v0x12682b6e0 11, 31 0, v0x12681f290_0; 1 drivers
v0x12682b6e0_12 .net/s v0x12682b6e0 12, 31 0, v0x126820c50_0; 1 drivers
v0x12682b6e0_13 .net/s v0x12682b6e0 13, 31 0, v0x1268221f0_0; 1 drivers
v0x12682b6e0_14 .net/s v0x12682b6e0 14, 31 0, v0x126823740_0; 1 drivers
v0x12682b6e0_15 .net/s v0x12682b6e0 15, 31 0, v0x126824c80_0; 1 drivers
v0x12682b6e0_16 .net/s v0x12682b6e0 16, 31 0, v0x126826410_0; 1 drivers
v0x12682b6e0_17 .net/s v0x12682b6e0 17, 31 0, v0x126827960_0; 1 drivers
v0x12682b6e0_18 .net/s v0x12682b6e0 18, 31 0, v0x126828eb0_0; 1 drivers
v0x12682b6e0_19 .net/s v0x12682b6e0 19, 31 0, v0x12682a3f0_0; 1 drivers
v0x12682b930 .array "b_in", 15 0;
v0x12682b930_0 .net/s v0x12682b930 0, 7 0, L_0x126838f70; 1 drivers
v0x12682b930_1 .net/s v0x12682b930 1, 7 0, L_0x126839020; 1 drivers
v0x12682b930_2 .net/s v0x12682b930 2, 7 0, L_0x1268392f0; 1 drivers
v0x12682b930_3 .net/s v0x12682b930 3, 7 0, L_0x1268393a0; 1 drivers
v0x12682b930_4 .net/s v0x12682b930 4, 7 0, L_0x126839160; 1 drivers
v0x12682b930_5 .net/s v0x12682b930 5, 7 0, L_0x126839210; 1 drivers
v0x12682b930_6 .net/s v0x12682b930 6, 7 0, L_0x126839600; 1 drivers
v0x12682b930_7 .net/s v0x12682b930 7, 7 0, L_0x1268396b0; 1 drivers
v0x12682b930_8 .net/s v0x12682b930 8, 7 0, L_0x126839450; 1 drivers
v0x12682b930_9 .net/s v0x12682b930 9, 7 0, L_0x126839500; 1 drivers
v0x12682b930_10 .net/s v0x12682b930 10, 7 0, L_0x126839930; 1 drivers
v0x12682b930_11 .net/s v0x12682b930 11, 7 0, L_0x1268399a0; 1 drivers
v0x12682b930_12 .net/s v0x12682b930 12, 7 0, L_0x126839760; 1 drivers
v0x12682b930_13 .net/s v0x12682b930 13, 7 0, L_0x126839810; 1 drivers
v0x12682b930_14 .net/s v0x12682b930 14, 7 0, L_0x1268398c0; 1 drivers
v0x12682b930_15 .net/s v0x12682b930 15, 7 0, L_0x126839c40; 1 drivers
v0x12682be40_0 .net "clk", 0 0, v0x126834560_0;  alias, 1 drivers
v0x1268206f0_0 .var "computing", 0 0;
v0x126820780_0 .var "cycle_count", 2 0;
v0x126820810_0 .var "done", 0 0;
v0x12682bf10 .array "result_out", 3 0;
v0x12682bf10_0 .net/s v0x12682bf10 0, 31 0, L_0x126838ad0; 1 drivers
v0x12682bf10_1 .net/s v0x12682bf10 1, 31 0, L_0x126838b80; 1 drivers
v0x12682bf10_2 .net/s v0x12682bf10 2, 31 0, L_0x126838c30; 1 drivers
v0x12682bf10_3 .net/s v0x12682bf10 3, 31 0, L_0x126838ce0; 1 drivers
v0x12682c020_0 .net "rst", 0 0, v0x126834c70_0;  alias, 1 drivers
v0x1268208a0_0 .net "start_compute", 0 0, v0x12682d030_0;  alias, 1 drivers
v0x126820930_0 .net "w_load", 0 0, v0x12682ce80_0;  alias, 1 drivers
S_0x125eb7690 .scope generate, "genblk1[0]" "genblk1[0]" 5 45, 5 45 0, S_0x125eb81c0;
 .timescale 0 0;
P_0x125eb33d0 .param/l "i" 1 5 45, +C4<00>;
L_0x1268386b0 .functor BUFZ 8, L_0x126838d90, C4<00000000>, C4<00000000>, C4<00000000>;
S_0x125eb6b60 .scope generate, "genblk1[1]" "genblk1[1]" 5 45, 5 45 0, S_0x125eb81c0;
 .timescale 0 0;
P_0x125eb6cd0 .param/l "i" 1 5 45, +C4<01>;
L_0x126838720 .functor BUFZ 8, L_0x126838e80, C4<00000000>, C4<00000000>, C4<00000000>;
S_0x125eb6030 .scope generate, "genblk1[2]" "genblk1[2]" 5 45, 5 45 0, S_0x125eb81c0;
 .timescale 0 0;
P_0x125eb6da0 .param/l "i" 1 5 45, +C4<010>;
L_0x126838790 .functor BUFZ 8, L_0x1268388c0, C4<00000000>, C4<00000000>, C4<00000000>;
S_0x125eb5500 .scope generate, "genblk1[3]" "genblk1[3]" 5 45, 5 45 0, S_0x125eb81c0;
 .timescale 0 0;
P_0x125eb6230 .param/l "i" 1 5 45, +C4<011>;
L_0x126838a20 .functor BUFZ 8, L_0x1268389b0, C4<00000000>, C4<00000000>, C4<00000000>;
S_0x125eb49d0 .scope generate, "genblk2[0]" "genblk2[0]" 5 65, 5 65 0, S_0x125eb81c0;
 .timescale 0 0;
P_0x125eb4bd0 .param/l "r" 1 5 65, +C4<00>;
S_0x125eb3ea0 .scope generate, "genblk1[0]" "genblk1[0]" 5 66, 5 66 0, S_0x125eb49d0;
 .timescale 0 0;
P_0x125eb56e0 .param/l "c" 1 5 66, +C4<00>;
S_0x125eb2830 .scope module, "u_pe" "pe" 5 67, 6 1 0, S_0x125eb3ea0;
 .timescale 0 0;
    .port_info 0 /INPUT 1 "clk";
    .port_info 1 /INPUT 1 "rst";
    .port_info 2 /INPUT 1 "w_load";
    .port_info 3 /INPUT 8 "a_in";
    .port_info 4 /INPUT 8 "b_in";
    .port_info 5 /INPUT 32 "acc_in";
    .port_info 6 /OUTPUT 8 "a_out";
    .port_info 7 /OUTPUT 8 "b_out";
    .port_info 8 /OUTPUT 32 "acc_out";
v0x125ee2830_0 .net/s "a_in", 7 0, L_0x1268386b0;  alias, 1 drivers
v0x125ee0460_0 .var/s "a_out", 7 0;
v0x125ed76b0_0 .net/s "acc_in", 31 0, L_0x128088058;  alias, 1 drivers
v0x125ed7740_0 .var/s "acc_out", 31 0;
v0x125ed5370_0 .net "acc_res", 31 0, v0x125eed960_0;  1 drivers
v0x125ee09e0_0 .net/s "b_in", 7 0, L_0x126838f70;  alias, 1 drivers
v0x125ee0a70_0 .var/s "b_out", 7 0;
v0x125ec0eb0_0 .net "clk", 0 0, v0x126834560_0;  alias, 1 drivers
v0x125ec0f40_0 .net "rst", 0 0, v0x126834c70_0;  alias, 1 drivers
v0x125eb9580_0 .net "w_load", 0 0, v0x12682ce80_0;  alias, 1 drivers
v0x125eede70_0 .var/s "w_reg", 7 0;
E_0x125eb40b0 .event posedge, v0x125ee4bb0_0, v0x125ee4b20_0;
S_0x125eb1d20 .scope module, "u_mac" "mac" 6 18, 7 1 0, S_0x125eb2830;
 .timescale 0 0;
    .port_info 0 /INPUT 1 "clk";
    .port_info 1 /INPUT 1 "rst";
    .port_info 2 /INPUT 8 "a_in";
    .port_info 3 /INPUT 8 "b_in";
    .port_info 4 /INPUT 32 "acc_in";
    .port_info 5 /OUTPUT 32 "acc_out";
v0x125eb29c0_0 .net/s "a_in", 7 0, L_0x1268386b0;  alias, 1 drivers
v0x125eed8d0_0 .net/s "acc_in", 31 0, L_0x128088058;  alias, 1 drivers
v0x125eed960_0 .var/s "acc_out", 31 0;
v0x125eeb580_0 .net/s "b_in", 7 0, L_0x126838f70;  alias, 1 drivers
v0x125ee4b20_0 .net "clk", 0 0, v0x126834560_0;  alias, 1 drivers
v0x125ee4bb0_0 .net "rst", 0 0, v0x126834c70_0;  alias, 1 drivers
E_0x125eb1f70 .event anyedge, v0x125ee4bb0_0, v0x125eed8d0_0, v0x125eb29c0_0, v0x125eeb580_0;
S_0x125eb1210 .scope generate, "genblk1[1]" "genblk1[1]" 5 66, 5 66 0, S_0x125eb49d0;
 .timescale 0 0;
P_0x125eedf60 .param/l "c" 1 5 66, +C4<01>;
S_0x125eb0700 .scope module, "u_pe" "pe" 5 67, 6 1 0, S_0x125eb1210;
 .timescale 0 0;
    .port_info 0 /INPUT 1 "clk";
    .port_info 1 /INPUT 1 "rst";
    .port_info 2 /INPUT 1 "w_load";
    .port_info 3 /INPUT 8 "a_in";
    .port_info 4 /INPUT 8 "b_in";
    .port_info 5 /INPUT 32 "acc_in";
    .port_info 6 /OUTPUT 8 "a_out";
    .port_info 7 /OUTPUT 8 "b_out";
    .port_info 8 /OUTPUT 32 "acc_out";
v0x125ece400_0 .net/s "a_in", 7 0, v0x125ee0460_0;  alias, 1 drivers
v0x125ecc0a0_0 .var/s "a_out", 7 0;
v0x125ecc130_0 .net/s "acc_in", 31 0, L_0x1280880a0;  alias, 1 drivers
v0x125ec82c0_0 .var/s "acc_out", 31 0;
v0x125ec8350_0 .net "acc_res", 31 0, v0x125ee45f0_0;  1 drivers
v0x125eae590_0 .net/s "b_in", 7 0, L_0x126839020;  alias, 1 drivers
v0x125eae620_0 .var/s "b_out", 7 0;
v0x125edbd10_0 .net "clk", 0 0, v0x126834560_0;  alias, 1 drivers
v0x125edbda0_0 .net "rst", 0 0, v0x126834c70_0;  alias, 1 drivers
v0x125ed9a40_0 .net "w_load", 0 0, v0x12682ce80_0;  alias, 1 drivers
v0x125ed3000_0 .var/s "w_reg", 7 0;
S_0x125eafbf0 .scope module, "u_mac" "mac" 6 18, 7 1 0, S_0x125eb0700;
 .timescale 0 0;
    .port_info 0 /INPUT 1 "clk";
    .port_info 1 /INPUT 1 "rst";
    .port_info 2 /INPUT 8 "a_in";
    .port_info 3 /INPUT 8 "b_in";
    .port_info 4 /INPUT 32 "acc_in";
    .port_info 5 /OUTPUT 32 "acc_out";
v0x125eeafb0_0 .net/s "a_in", 7 0, v0x125ee0460_0;  alias, 1 drivers
v0x125ee4560_0 .net/s "acc_in", 31 0, L_0x1280880a0;  alias, 1 drivers
v0x125ee45f0_0 .var/s "acc_out", 31 0;
v0x125ee2d40_0 .net/s "b_in", 7 0, L_0x126839020;  alias, 1 drivers
v0x125ee2dd0_0 .net "clk", 0 0, v0x126834560_0;  alias, 1 drivers
v0x125edfec0_0 .net "rst", 0 0, v0x126834c70_0;  alias, 1 drivers
E_0x125eafe40 .event anyedge, v0x125ee4bb0_0, v0x125ee4560_0, v0x125ee0460_0, v0x125ee2d40_0;
S_0x125eaf0e0 .scope generate, "genblk1[2]" "genblk1[2]" 5 66, 5 66 0, S_0x125eb49d0;
 .timescale 0 0;
P_0x125ed3100 .param/l "c" 1 5 66, +C4<010>;
S_0x125e2ab70 .scope module, "u_pe" "pe" 5 67, 6 1 0, S_0x125eaf0e0;
 .timescale 0 0;
    .port_info 0 /INPUT 1 "clk";
    .port_info 1 /INPUT 1 "rst";
    .port_info 2 /INPUT 1 "w_load";
    .port_info 3 /INPUT 8 "a_in";
    .port_info 4 /INPUT 8 "b_in";
    .port_info 5 /INPUT 32 "acc_in";
    .port_info 6 /OUTPUT 8 "a_out";
    .port_info 7 /OUTPUT 8 "b_out";
    .port_info 8 /OUTPUT 32 "acc_out";
v0x125e9a370_0 .net/s "a_in", 7 0, v0x125ecc0a0_0;  alias, 1 drivers
v0x125e9a400_0 .var/s "a_out", 7 0;
v0x125e982f0_0 .net/s "acc_in", 31 0, L_0x1280880e8;  alias, 1 drivers
v0x125e98380_0 .var/s "acc_out", 31 0;
v0x125e96270_0 .net "acc_res", 31 0, v0x125ea2630_0;  1 drivers
v0x125e96300_0 .net/s "b_in", 7 0, L_0x1268392f0;  alias, 1 drivers
v0x125e941f0_0 .var/s "b_out", 7 0;
v0x125e94280_0 .net "clk", 0 0, v0x126834560_0;  alias, 1 drivers
v0x125e92170_0 .net "rst", 0 0, v0x126834c70_0;  alias, 1 drivers
v0x125e900f0_0 .net "w_load", 0 0, v0x12682ce80_0;  alias, 1 drivers
v0x125e90180_0 .var/s "w_reg", 7 0;
S_0x125e2ace0 .scope module, "u_mac" "mac" 6 18, 7 1 0, S_0x125e2ab70;
 .timescale 0 0;
    .port_info 0 /INPUT 1 "clk";
    .port_info 1 /INPUT 1 "rst";
    .port_info 2 /INPUT 8 "a_in";
    .port_info 3 /INPUT 8 "b_in";
    .port_info 4 /INPUT 32 "acc_in";
    .port_info 5 /OUTPUT 32 "acc_out";
v0x125ecc700_0 .net/s "a_in", 7 0, v0x125ecc0a0_0;  alias, 1 drivers
v0x125ea2590_0 .net/s "acc_in", 31 0, L_0x1280880e8;  alias, 1 drivers
v0x125ea2630_0 .var/s "acc_out", 31 0;
v0x125ea0520_0 .net/s "b_in", 7 0, L_0x1268392f0;  alias, 1 drivers
v0x125e9e470_0 .net "clk", 0 0, v0x126834560_0;  alias, 1 drivers
v0x125e9c3f0_0 .net "rst", 0 0, v0x126834c70_0;  alias, 1 drivers
E_0x125eaf330 .event anyedge, v0x125ee4bb0_0, v0x125ea2590_0, v0x125ecc0a0_0, v0x125ea0520_0;
S_0x125e30ed0 .scope generate, "genblk1[3]" "genblk1[3]" 5 66, 5 66 0, S_0x125eb49d0;
 .timescale 0 0;
P_0x125e92280 .param/l "c" 1 5 66, +C4<011>;
S_0x125e31040 .scope module, "u_pe" "pe" 5 67, 6 1 0, S_0x125e30ed0;
 .timescale 0 0;
    .port_info 0 /INPUT 1 "clk";
    .port_info 1 /INPUT 1 "rst";
    .port_info 2 /INPUT 1 "w_load";
    .port_info 3 /INPUT 8 "a_in";
    .port_info 4 /INPUT 8 "b_in";
    .port_info 5 /INPUT 32 "acc_in";
    .port_info 6 /OUTPUT 8 "a_out";
    .port_info 7 /OUTPUT 8 "b_out";
    .port_info 8 /OUTPUT 32 "acc_out";
v0x125eb0a80_0 .net/s "a_in", 7 0, v0x125e9a400_0;  alias, 1 drivers
v0x125eafee0_0 .var/s "a_out", 7 0;
v0x125eaff70_0 .net/s "acc_in", 31 0, L_0x128088130;  alias, 1 drivers
v0x125eaf3d0_0 .var/s "acc_out", 31 0;
v0x125eaf460_0 .net "acc_res", 31 0, v0x125e85e70_0;  1 drivers
v0x125eb9060_0 .net/s "b_in", 7 0, L_0x1268393a0;  alias, 1 drivers
v0x125eb90f0_0 .var/s "b_out", 7 0;
v0x125eb84a0_0 .net "clk", 0 0, v0x126834560_0;  alias, 1 drivers
v0x125eb8530_0 .net "rst", 0 0, v0x126834c70_0;  alias, 1 drivers
v0x125eb79f0_0 .net "w_load", 0 0, v0x12682ce80_0;  alias, 1 drivers
v0x125eb6e40_0 .var/s "w_reg", 7 0;
S_0x125e17cb0 .scope module, "u_mac" "mac" 6 18, 7 1 0, S_0x125e31040;
 .timescale 0 0;
    .port_info 0 /INPUT 1 "clk";
    .port_info 1 /INPUT 1 "rst";
    .port_info 2 /INPUT 8 "a_in";
    .port_info 3 /INPUT 8 "b_in";
    .port_info 4 /INPUT 32 "acc_in";
    .port_info 5 /OUTPUT 32 "acc_out";
v0x125e87ef0_0 .net/s "a_in", 7 0, v0x125e9a400_0;  alias, 1 drivers
v0x125e87f80_0 .net/s "acc_in", 31 0, L_0x128088130;  alias, 1 drivers
v0x125e85e70_0 .var/s "acc_out", 31 0;
v0x125e85f00_0 .net/s "b_in", 7 0, L_0x1268393a0;  alias, 1 drivers
v0x125e83df0_0 .net "clk", 0 0, v0x126834560_0;  alias, 1 drivers
v0x125eb09f0_0 .net "rst", 0 0, v0x126834c70_0;  alias, 1 drivers
E_0x125e8a000 .event anyedge, v0x125ee4bb0_0, v0x125e87f80_0, v0x125e9a400_0, v0x125e85f00_0;
S_0x125e17e20 .scope generate, "genblk2[1]" "genblk2[1]" 5 65, 5 65 0, S_0x125eb81c0;
 .timescale 0 0;
P_0x125eaf4f0 .param/l "r" 1 5 65, +C4<01>;
S_0x125e14210 .scope generate, "genblk1[0]" "genblk1[0]" 5 66, 5 66 0, S_0x125e17e20;
 .timescale 0 0;
P_0x125eb6310 .param/l "c" 1 5 66, +C4<00>;
S_0x125e14380 .scope module, "u_pe" "pe" 5 67, 6 1 0, S_0x125e14210;
 .timescale 0 0;
    .port_info 0 /INPUT 1 "clk";
    .port_info 1 /INPUT 1 "rst";
    .port_info 2 /INPUT 1 "w_load";
    .port_info 3 /INPUT 8 "a_in";
    .port_info 4 /INPUT 8 "b_in";
    .port_info 5 /INPUT 32 "acc_in";
    .port_info 6 /OUTPUT 8 "a_out";
    .port_info 7 /OUTPUT 8 "b_out";
    .port_info 8 /OUTPUT 32 "acc_out";
v0x125eb1500_0 .net/s "a_in", 7 0, L_0x126838720;  alias, 1 drivers
v0x125eb1590_0 .var/s "a_out", 7 0;
v0x125eadd90_0 .net/s "acc_in", 31 0, v0x125ed7740_0;  alias, 1 drivers
v0x125eade20_0 .var/s "acc_out", 31 0;
v0x125e26080_0 .net "acc_res", 31 0, v0x125eb4180_0;  1 drivers
v0x125e26110_0 .net/s "b_in", 7 0, L_0x126839160;  alias, 1 drivers
v0x125e11bb0_0 .var/s "b_out", 7 0;
v0x125e11c40_0 .net "clk", 0 0, v0x126834560_0;  alias, 1 drivers
v0x125e11cd0_0 .net "rst", 0 0, v0x126834c70_0;  alias, 1 drivers
v0x125e11d60_0 .net "w_load", 0 0, v0x12682ce80_0;  alias, 1 drivers
v0x125e11df0_0 .var/s "w_reg", 7 0;
S_0x125e25f10 .scope module, "u_mac" "mac" 6 18, 7 1 0, S_0x125e14380;
 .timescale 0 0;
    .port_info 0 /INPUT 1 "clk";
    .port_info 1 /INPUT 1 "rst";
    .port_info 2 /INPUT 8 "a_in";
    .port_info 3 /INPUT 8 "b_in";
    .port_info 4 /INPUT 32 "acc_in";
    .port_info 5 /OUTPUT 32 "acc_out";
v0x125eb4d80_0 .net/s "a_in", 7 0, L_0x126838720;  alias, 1 drivers
v0x125eae8e0_0 .net/s "acc_in", 31 0, v0x125ed7740_0;  alias, 1 drivers
v0x125eb4180_0 .var/s "acc_out", 31 0;
v0x125eb4210_0 .net/s "b_in", 7 0, L_0x126839160;  alias, 1 drivers
v0x125eb3650_0 .net "clk", 0 0, v0x126834560_0;  alias, 1 drivers
v0x125eb36e0_0 .net "rst", 0 0, v0x126834c70_0;  alias, 1 drivers
E_0x125eb4d40 .event anyedge, v0x125ee4bb0_0, v0x125ed7740_0, v0x125eb4d80_0, v0x125eb4210_0;
S_0x125e1fa90 .scope generate, "genblk1[1]" "genblk1[1]" 5 66, 5 66 0, S_0x125e17e20;
 .timescale 0 0;
P_0x125e9e550 .param/l "c" 1 5 66, +C4<01>;
S_0x125e076d0 .scope module, "u_pe" "pe" 5 67, 6 1 0, S_0x125e1fa90;
 .timescale 0 0;
    .port_info 0 /INPUT 1 "clk";
    .port_info 1 /INPUT 1 "rst";
    .port_info 2 /INPUT 1 "w_load";
    .port_info 3 /INPUT 8 "a_in";
    .port_info 4 /INPUT 8 "b_in";
    .port_info 5 /INPUT 32 "acc_in";
    .port_info 6 /OUTPUT 8 "a_out";
    .port_info 7 /OUTPUT 8 "b_out";
    .port_info 8 /OUTPUT 32 "acc_out";
v0x12681c5d0_0 .net/s "a_in", 7 0, v0x125eb1590_0;  alias, 1 drivers
v0x12681c6a0_0 .var/s "a_out", 7 0;
v0x12681c730_0 .net/s "acc_in", 31 0, v0x125ec82c0_0;  alias, 1 drivers
v0x12681c800_0 .var/s "acc_out", 31 0;
v0x12681c8a0_0 .net "acc_res", 31 0, v0x12681c300_0;  1 drivers
v0x12681c970_0 .net/s "b_in", 7 0, L_0x126839210;  alias, 1 drivers
v0x12681ca20_0 .var/s "b_out", 7 0;
v0x12681cab0_0 .net "clk", 0 0, v0x126834560_0;  alias, 1 drivers
v0x12681cb40_0 .net "rst", 0 0, v0x126834c70_0;  alias, 1 drivers
v0x12681cc50_0 .net "w_load", 0 0, v0x12682ce80_0;  alias, 1 drivers
v0x12681cce0_0 .var/s "w_reg", 7 0;
S_0x125e3f020 .scope module, "u_mac" "mac" 6 18, 7 1 0, S_0x125e076d0;
 .timescale 0 0;
    .port_info 0 /INPUT 1 "clk";
    .port_info 1 /INPUT 1 "rst";
    .port_info 2 /INPUT 8 "a_in";
    .port_info 3 /INPUT 8 "b_in";
    .port_info 4 /INPUT 32 "acc_in";
    .port_info 5 /OUTPUT 32 "acc_out";
v0x125e3f190_0 .net/s "a_in", 7 0, v0x125eb1590_0;  alias, 1 drivers
v0x125e3f250_0 .net/s "acc_in", 31 0, v0x125ec82c0_0;  alias, 1 drivers
v0x12681c300_0 .var/s "acc_out", 31 0;
v0x12681c390_0 .net/s "b_in", 7 0, L_0x126839210;  alias, 1 drivers
v0x12681c420_0 .net "clk", 0 0, v0x126834560_0;  alias, 1 drivers
v0x12681c4b0_0 .net "rst", 0 0, v0x126834c70_0;  alias, 1 drivers
E_0x125e079a0 .event anyedge, v0x125ee4bb0_0, v0x125ec82c0_0, v0x125eb1590_0, v0x12681c390_0;
S_0x12681ce70 .scope generate, "genblk1[2]" "genblk1[2]" 5 66, 5 66 0, S_0x125e17e20;
 .timescale 0 0;
P_0x12681cfe0 .param/l "c" 1 5 66, +C4<010>;
S_0x12681d060 .scope module, "u_pe" "pe" 5 67, 6 1 0, S_0x12681ce70;
 .timescale 0 0;
    .port_info 0 /INPUT 1 "clk";
    .port_info 1 /INPUT 1 "rst";
    .port_info 2 /INPUT 1 "w_load";
    .port_info 3 /INPUT 8 "a_in";
    .port_info 4 /INPUT 8 "b_in";
    .port_info 5 /INPUT 32 "acc_in";
    .port_info 6 /OUTPUT 8 "a_out";
    .port_info 7 /OUTPUT 8 "b_out";
    .port_info 8 /OUTPUT 32 "acc_out";
v0x12681db20_0 .net/s "a_in", 7 0, v0x12681c6a0_0;  alias, 1 drivers
v0x12681dbf0_0 .var/s "a_out", 7 0;
v0x12681dc80_0 .net/s "acc_in", 31 0, v0x125e98380_0;  alias, 1 drivers
v0x12681dd50_0 .var/s "acc_out", 31 0;
v0x12681ddf0_0 .net "acc_res", 31 0, v0x12681d7d0_0;  1 drivers
v0x12681dec0_0 .net/s "b_in", 7 0, L_0x126839600;  alias, 1 drivers
v0x12681df70_0 .var/s "b_out", 7 0;
v0x12681e000_0 .net "clk", 0 0, v0x126834560_0;  alias, 1 drivers
v0x12681e090_0 .net "rst", 0 0, v0x126834c70_0;  alias, 1 drivers
v0x12681e1a0_0 .net "w_load", 0 0, v0x12682ce80_0;  alias, 1 drivers
v0x12681e230_0 .var/s "w_reg", 7 0;
S_0x12681d350 .scope module, "u_mac" "mac" 6 18, 7 1 0, S_0x12681d060;
 .timescale 0 0;
    .port_info 0 /INPUT 1 "clk";
    .port_info 1 /INPUT 1 "rst";
    .port_info 2 /INPUT 8 "a_in";
    .port_info 3 /INPUT 8 "b_in";
    .port_info 4 /INPUT 32 "acc_in";
    .port_info 5 /OUTPUT 32 "acc_out";
v0x12681d650_0 .net/s "a_in", 7 0, v0x12681c6a0_0;  alias, 1 drivers
v0x12681d720_0 .net/s "acc_in", 31 0, v0x125e98380_0;  alias, 1 drivers
v0x12681d7d0_0 .var/s "acc_out", 31 0;
v0x12681d880_0 .net/s "b_in", 7 0, L_0x126839600;  alias, 1 drivers
v0x12681d930_0 .net "clk", 0 0, v0x126834560_0;  alias, 1 drivers
v0x12681da00_0 .net "rst", 0 0, v0x126834c70_0;  alias, 1 drivers
E_0x12681d5e0 .event anyedge, v0x125ee4bb0_0, v0x125e98380_0, v0x12681c6a0_0, v0x12681d880_0;
S_0x12681e3c0 .scope generate, "genblk1[3]" "genblk1[3]" 5 66, 5 66 0, S_0x125e17e20;
 .timescale 0 0;
P_0x12681e530 .param/l "c" 1 5 66, +C4<011>;
S_0x12681e5b0 .scope module, "u_pe" "pe" 5 67, 6 1 0, S_0x12681e3c0;
 .timescale 0 0;
    .port_info 0 /INPUT 1 "clk";
    .port_info 1 /INPUT 1 "rst";
    .port_info 2 /INPUT 1 "w_load";
    .port_info 3 /INPUT 8 "a_in";
    .port_info 4 /INPUT 8 "b_in";
    .port_info 5 /INPUT 32 "acc_in";
    .port_info 6 /OUTPUT 8 "a_out";
    .port_info 7 /OUTPUT 8 "b_out";
    .port_info 8 /OUTPUT 32 "acc_out";
v0x12681f060_0 .net/s "a_in", 7 0, v0x12681dbf0_0;  alias, 1 drivers
v0x12681f130_0 .var/s "a_out", 7 0;
v0x12681f1c0_0 .net/s "acc_in", 31 0, v0x125eaf3d0_0;  alias, 1 drivers
v0x12681f290_0 .var/s "acc_out", 31 0;
v0x12681f330_0 .net "acc_res", 31 0, v0x12681ed10_0;  1 drivers
v0x12681f400_0 .net/s "b_in", 7 0, L_0x1268396b0;  alias, 1 drivers
v0x12681f4b0_0 .var/s "b_out", 7 0;
v0x12681f540_0 .net "clk", 0 0, v0x126834560_0;  alias, 1 drivers
v0x12681f5d0_0 .net "rst", 0 0, v0x126834c70_0;  alias, 1 drivers
v0x12681f6e0_0 .net "w_load", 0 0, v0x12682ce80_0;  alias, 1 drivers
v0x12681f770_0 .var/s "w_reg", 7 0;
S_0x12681e8a0 .scope module, "u_mac" "mac" 6 18, 7 1 0, S_0x12681e5b0;
 .timescale 0 0;
    .port_info 0 /INPUT 1 "clk";
    .port_info 1 /INPUT 1 "rst";
    .port_info 2 /INPUT 8 "a_in";
    .port_info 3 /INPUT 8 "b_in";
    .port_info 4 /INPUT 32 "acc_in";
    .port_info 5 /OUTPUT 32 "acc_out";
v0x12681eb90_0 .net/s "a_in", 7 0, v0x12681dbf0_0;  alias, 1 drivers
v0x12681ec60_0 .net/s "acc_in", 31 0, v0x125eaf3d0_0;  alias, 1 drivers
v0x12681ed10_0 .var/s "acc_out", 31 0;
v0x12681edc0_0 .net/s "b_in", 7 0, L_0x1268396b0;  alias, 1 drivers
v0x12681ee70_0 .net "clk", 0 0, v0x126834560_0;  alias, 1 drivers
v0x12681ef40_0 .net "rst", 0 0, v0x126834c70_0;  alias, 1 drivers
E_0x12681eb20 .event anyedge, v0x125ee4bb0_0, v0x125eaf3d0_0, v0x12681dbf0_0, v0x12681edc0_0;
S_0x12681f900 .scope generate, "genblk2[2]" "genblk2[2]" 5 65, 5 65 0, S_0x125eb81c0;
 .timescale 0 0;
P_0x12681fa70 .param/l "r" 1 5 65, +C4<010>;
S_0x12681faf0 .scope generate, "genblk1[0]" "genblk1[0]" 5 66, 5 66 0, S_0x12681f900;
 .timescale 0 0;
P_0x12681fcb0 .param/l "c" 1 5 66, +C4<00>;
S_0x12681fd50 .scope module, "u_pe" "pe" 5 67, 6 1 0, S_0x12681faf0;
 .timescale 0 0;
    .port_info 0 /INPUT 1 "clk";
    .port_info 1 /INPUT 1 "rst";
    .port_info 2 /INPUT 1 "w_load";
    .port_info 3 /INPUT 8 "a_in";
    .port_info 4 /INPUT 8 "b_in";
    .port_info 5 /INPUT 32 "acc_in";
    .port_info 6 /OUTPUT 8 "a_out";
    .port_info 7 /OUTPUT 8 "b_out";
    .port_info 8 /OUTPUT 32 "acc_out";
v0x125eb2030_0 .net/s "a_in", 7 0, L_0x126838790;  alias, 1 drivers
v0x126820af0_0 .var/s "a_out", 7 0;
v0x126820b80_0 .net/s "acc_in", 31 0, v0x125eade20_0;  alias, 1 drivers
v0x126820c50_0 .var/s "acc_out", 31 0;
v0x126820ce0_0 .net "acc_res", 31 0, v0x1268204c0_0;  1 drivers
v0x126820db0_0 .net/s "b_in", 7 0, L_0x126839450;  alias, 1 drivers
v0x126820e40_0 .var/s "b_out", 7 0;
v0x126820ee0_0 .net "clk", 0 0, v0x126834560_0;  alias, 1 drivers
v0x126820f70_0 .net "rst", 0 0, v0x126834c70_0;  alias, 1 drivers
v0x126821080_0 .net "w_load", 0 0, v0x12682ce80_0;  alias, 1 drivers
v0x126821210_0 .var/s "w_reg", 7 0;
S_0x126820040 .scope module, "u_mac" "mac" 6 18, 7 1 0, S_0x12681fd50;
 .timescale 0 0;
    .port_info 0 /INPUT 1 "clk";
    .port_info 1 /INPUT 1 "rst";
    .port_info 2 /INPUT 8 "a_in";
    .port_info 3 /INPUT 8 "b_in";
    .port_info 4 /INPUT 32 "acc_in";
    .port_info 5 /OUTPUT 32 "acc_out";
v0x126820340_0 .net/s "a_in", 7 0, L_0x126838790;  alias, 1 drivers
v0x126820400_0 .net/s "acc_in", 31 0, v0x125eade20_0;  alias, 1 drivers
v0x1268204c0_0 .var/s "acc_out", 31 0;
v0x126820570_0 .net/s "b_in", 7 0, L_0x126839450;  alias, 1 drivers
v0x126820620_0 .net "clk", 0 0, v0x126834560_0;  alias, 1 drivers
v0x125eb2b20_0 .net "rst", 0 0, v0x126834c70_0;  alias, 1 drivers
E_0x1268202d0 .event anyedge, v0x125ee4bb0_0, v0x125eade20_0, v0x126820340_0, v0x126820570_0;
S_0x126821360 .scope generate, "genblk1[1]" "genblk1[1]" 5 66, 5 66 0, S_0x12681f900;
 .timescale 0 0;
P_0x125e9c4a0 .param/l "c" 1 5 66, +C4<01>;
S_0x126821510 .scope module, "u_pe" "pe" 5 67, 6 1 0, S_0x126821360;
 .timescale 0 0;
    .port_info 0 /INPUT 1 "clk";
    .port_info 1 /INPUT 1 "rst";
    .port_info 2 /INPUT 1 "w_load";
    .port_info 3 /INPUT 8 "a_in";
    .port_info 4 /INPUT 8 "b_in";
    .port_info 5 /INPUT 32 "acc_in";
    .port_info 6 /OUTPUT 8 "a_out";
    .port_info 7 /OUTPUT 8 "b_out";
    .port_info 8 /OUTPUT 32 "acc_out";
v0x126821fc0_0 .net/s "a_in", 7 0, v0x126820af0_0;  alias, 1 drivers
v0x126822090_0 .var/s "a_out", 7 0;
v0x126822120_0 .net/s "acc_in", 31 0, v0x12681c800_0;  alias, 1 drivers
v0x1268221f0_0 .var/s "acc_out", 31 0;
v0x126822290_0 .net "acc_res", 31 0, v0x126821c70_0;  1 drivers
v0x126822360_0 .net/s "b_in", 7 0, L_0x126839500;  alias, 1 drivers
v0x126822410_0 .var/s "b_out", 7 0;
v0x1268224a0_0 .net "clk", 0 0, v0x126834560_0;  alias, 1 drivers
v0x126822530_0 .net "rst", 0 0, v0x126834c70_0;  alias, 1 drivers
v0x126822640_0 .net "w_load", 0 0, v0x12682ce80_0;  alias, 1 drivers
v0x1268226d0_0 .var/s "w_reg", 7 0;
S_0x126821800 .scope module, "u_mac" "mac" 6 18, 7 1 0, S_0x126821510;
 .timescale 0 0;
    .port_info 0 /INPUT 1 "clk";
    .port_info 1 /INPUT 1 "rst";
    .port_info 2 /INPUT 8 "a_in";
    .port_info 3 /INPUT 8 "b_in";
    .port_info 4 /INPUT 32 "acc_in";
    .port_info 5 /OUTPUT 32 "acc_out";
v0x126821af0_0 .net/s "a_in", 7 0, v0x126820af0_0;  alias, 1 drivers
v0x126821bc0_0 .net/s "acc_in", 31 0, v0x12681c800_0;  alias, 1 drivers
v0x126821c70_0 .var/s "acc_out", 31 0;
v0x126821d20_0 .net/s "b_in", 7 0, L_0x126839500;  alias, 1 drivers
v0x126821dd0_0 .net "clk", 0 0, v0x126834560_0;  alias, 1 drivers
v0x126821ea0_0 .net "rst", 0 0, v0x126834c70_0;  alias, 1 drivers
E_0x126821a80 .event anyedge, v0x125ee4bb0_0, v0x12681c800_0, v0x126820af0_0, v0x126821d20_0;
S_0x126822860 .scope generate, "genblk1[2]" "genblk1[2]" 5 66, 5 66 0, S_0x12681f900;
 .timescale 0 0;
P_0x1268229d0 .param/l "c" 1 5 66, +C4<010>;
S_0x126822a50 .scope module, "u_pe" "pe" 5 67, 6 1 0, S_0x126822860;
 .timescale 0 0;
    .port_info 0 /INPUT 1 "clk";
    .port_info 1 /INPUT 1 "rst";
    .port_info 2 /INPUT 1 "w_load";
    .port_info 3 /INPUT 8 "a_in";
    .port_info 4 /INPUT 8 "b_in";
    .port_info 5 /INPUT 32 "acc_in";
    .port_info 6 /OUTPUT 8 "a_out";
    .port_info 7 /OUTPUT 8 "b_out";
    .port_info 8 /OUTPUT 32 "acc_out";
v0x126823510_0 .net/s "a_in", 7 0, v0x126822090_0;  alias, 1 drivers
v0x1268235e0_0 .var/s "a_out", 7 0;
v0x126823670_0 .net/s "acc_in", 31 0, v0x12681dd50_0;  alias, 1 drivers
v0x126823740_0 .var/s "acc_out", 31 0;
v0x1268237e0_0 .net "acc_res", 31 0, v0x1268231c0_0;  1 drivers
v0x1268238b0_0 .net/s "b_in", 7 0, L_0x126839930;  alias, 1 drivers
v0x126823960_0 .var/s "b_out", 7 0;
v0x1268239f0_0 .net "clk", 0 0, v0x126834560_0;  alias, 1 drivers
v0x126823a80_0 .net "rst", 0 0, v0x126834c70_0;  alias, 1 drivers
v0x126823b90_0 .net "w_load", 0 0, v0x12682ce80_0;  alias, 1 drivers
v0x126823c20_0 .var/s "w_reg", 7 0;
S_0x126822d40 .scope module, "u_mac" "mac" 6 18, 7 1 0, S_0x126822a50;
 .timescale 0 0;
    .port_info 0 /INPUT 1 "clk";
    .port_info 1 /INPUT 1 "rst";
    .port_info 2 /INPUT 8 "a_in";
    .port_info 3 /INPUT 8 "b_in";
    .port_info 4 /INPUT 32 "acc_in";
    .port_info 5 /OUTPUT 32 "acc_out";
v0x126823040_0 .net/s "a_in", 7 0, v0x126822090_0;  alias, 1 drivers
v0x126823110_0 .net/s "acc_in", 31 0, v0x12681dd50_0;  alias, 1 drivers
v0x1268231c0_0 .var/s "acc_out", 31 0;
v0x126823270_0 .net/s "b_in", 7 0, L_0x126839930;  alias, 1 drivers
v0x126823320_0 .net "clk", 0 0, v0x126834560_0;  alias, 1 drivers
v0x1268233f0_0 .net "rst", 0 0, v0x126834c70_0;  alias, 1 drivers
E_0x126822fd0 .event anyedge, v0x125ee4bb0_0, v0x12681dd50_0, v0x126822090_0, v0x126823270_0;
S_0x126823db0 .scope generate, "genblk1[3]" "genblk1[3]" 5 66, 5 66 0, S_0x12681f900;
 .timescale 0 0;
P_0x126823f20 .param/l "c" 1 5 66, +C4<011>;
S_0x126823fa0 .scope module, "u_pe" "pe" 5 67, 6 1 0, S_0x126823db0;
 .timescale 0 0;
    .port_info 0 /INPUT 1 "clk";
    .port_info 1 /INPUT 1 "rst";
    .port_info 2 /INPUT 1 "w_load";
    .port_info 3 /INPUT 8 "a_in";
    .port_info 4 /INPUT 8 "b_in";
    .port_info 5 /INPUT 32 "acc_in";
    .port_info 6 /OUTPUT 8 "a_out";
    .port_info 7 /OUTPUT 8 "b_out";
    .port_info 8 /OUTPUT 32 "acc_out";
v0x126824a50_0 .net/s "a_in", 7 0, v0x1268235e0_0;  alias, 1 drivers
v0x126824b20_0 .var/s "a_out", 7 0;
v0x126824bb0_0 .net/s "acc_in", 31 0, v0x12681f290_0;  alias, 1 drivers
v0x126824c80_0 .var/s "acc_out", 31 0;
v0x126824d20_0 .net "acc_res", 31 0, v0x126824700_0;  1 drivers
v0x126824df0_0 .net/s "b_in", 7 0, L_0x1268399a0;  alias, 1 drivers
v0x126824ea0_0 .var/s "b_out", 7 0;
v0x126824f30_0 .net "clk", 0 0, v0x126834560_0;  alias, 1 drivers
v0x126824fc0_0 .net "rst", 0 0, v0x126834c70_0;  alias, 1 drivers
v0x1268250d0_0 .net "w_load", 0 0, v0x12682ce80_0;  alias, 1 drivers
v0x126825160_0 .var/s "w_reg", 7 0;
S_0x126824290 .scope module, "u_mac" "mac" 6 18, 7 1 0, S_0x126823fa0;
 .timescale 0 0;
    .port_info 0 /INPUT 1 "clk";
    .port_info 1 /INPUT 1 "rst";
    .port_info 2 /INPUT 8 "a_in";
    .port_info 3 /INPUT 8 "b_in";
    .port_info 4 /INPUT 32 "acc_in";
    .port_info 5 /OUTPUT 32 "acc_out";
v0x126824580_0 .net/s "a_in", 7 0, v0x1268235e0_0;  alias, 1 drivers
v0x126824650_0 .net/s "acc_in", 31 0, v0x12681f290_0;  alias, 1 drivers
v0x126824700_0 .var/s "acc_out", 31 0;
v0x1268247b0_0 .net/s "b_in", 7 0, L_0x1268399a0;  alias, 1 drivers
v0x126824860_0 .net "clk", 0 0, v0x126834560_0;  alias, 1 drivers
v0x126824930_0 .net "rst", 0 0, v0x126834c70_0;  alias, 1 drivers
E_0x126824510 .event anyedge, v0x125ee4bb0_0, v0x12681f290_0, v0x1268235e0_0, v0x1268247b0_0;
S_0x1268252f0 .scope generate, "genblk2[3]" "genblk2[3]" 5 65, 5 65 0, S_0x125eb81c0;
 .timescale 0 0;
P_0x126825460 .param/l "r" 1 5 65, +C4<011>;
S_0x1268254e0 .scope generate, "genblk1[0]" "genblk1[0]" 5 66, 5 66 0, S_0x1268252f0;
 .timescale 0 0;
P_0x1268256a0 .param/l "c" 1 5 66, +C4<00>;
S_0x126825740 .scope module, "u_pe" "pe" 5 67, 6 1 0, S_0x1268254e0;
 .timescale 0 0;
    .port_info 0 /INPUT 1 "clk";
    .port_info 1 /INPUT 1 "rst";
    .port_info 2 /INPUT 1 "w_load";
    .port_info 3 /INPUT 8 "a_in";
    .port_info 4 /INPUT 8 "b_in";
    .port_info 5 /INPUT 32 "acc_in";
    .port_info 6 /OUTPUT 8 "a_out";
    .port_info 7 /OUTPUT 8 "b_out";
    .port_info 8 /OUTPUT 32 "acc_out";
v0x126826200_0 .net/s "a_in", 7 0, L_0x126838a20;  alias, 1 drivers
v0x1268262b0_0 .var/s "a_out", 7 0;
v0x126826340_0 .net/s "acc_in", 31 0, v0x126820c50_0;  alias, 1 drivers
v0x126826410_0 .var/s "acc_out", 31 0;
v0x1268264c0_0 .net "acc_res", 31 0, v0x126825eb0_0;  1 drivers
v0x126826590_0 .net/s "b_in", 7 0, L_0x126839760;  alias, 1 drivers
v0x126826640_0 .var/s "b_out", 7 0;
v0x1268266d0_0 .net "clk", 0 0, v0x126834560_0;  alias, 1 drivers
v0x126826760_0 .net "rst", 0 0, v0x126834c70_0;  alias, 1 drivers
v0x126826870_0 .net "w_load", 0 0, v0x12682ce80_0;  alias, 1 drivers
v0x126826900_0 .var/s "w_reg", 7 0;
S_0x126825a30 .scope module, "u_mac" "mac" 6 18, 7 1 0, S_0x126825740;
 .timescale 0 0;
    .port_info 0 /INPUT 1 "clk";
    .port_info 1 /INPUT 1 "rst";
    .port_info 2 /INPUT 8 "a_in";
    .port_info 3 /INPUT 8 "b_in";
    .port_info 4 /INPUT 32 "acc_in";
    .port_info 5 /OUTPUT 32 "acc_out";
v0x126825d30_0 .net/s "a_in", 7 0, L_0x126838a20;  alias, 1 drivers
v0x126825df0_0 .net/s "acc_in", 31 0, v0x126820c50_0;  alias, 1 drivers
v0x126825eb0_0 .var/s "acc_out", 31 0;
v0x126825f60_0 .net/s "b_in", 7 0, L_0x126839760;  alias, 1 drivers
v0x126826010_0 .net "clk", 0 0, v0x126834560_0;  alias, 1 drivers
v0x1268260e0_0 .net "rst", 0 0, v0x126834c70_0;  alias, 1 drivers
E_0x126825cc0 .event anyedge, v0x125ee4bb0_0, v0x126820c50_0, v0x126825d30_0, v0x126825f60_0;
S_0x126826a90 .scope generate, "genblk1[1]" "genblk1[1]" 5 66, 5 66 0, S_0x1268252f0;
 .timescale 0 0;
P_0x126826c00 .param/l "c" 1 5 66, +C4<01>;
S_0x126826c80 .scope module, "u_pe" "pe" 5 67, 6 1 0, S_0x126826a90;
 .timescale 0 0;
    .port_info 0 /INPUT 1 "clk";
    .port_info 1 /INPUT 1 "rst";
    .port_info 2 /INPUT 1 "w_load";
    .port_info 3 /INPUT 8 "a_in";
    .port_info 4 /INPUT 8 "b_in";
    .port_info 5 /INPUT 32 "acc_in";
    .port_info 6 /OUTPUT 8 "a_out";
    .port_info 7 /OUTPUT 8 "b_out";
    .port_info 8 /OUTPUT 32 "acc_out";
v0x126827730_0 .net/s "a_in", 7 0, v0x1268262b0_0;  alias, 1 drivers
v0x126827800_0 .var/s "a_out", 7 0;
v0x126827890_0 .net/s "acc_in", 31 0, v0x1268221f0_0;  alias, 1 drivers
v0x126827960_0 .var/s "acc_out", 31 0;
v0x126827a00_0 .net "acc_res", 31 0, v0x1268273e0_0;  1 drivers
v0x126827ad0_0 .net/s "b_in", 7 0, L_0x126839810;  alias, 1 drivers
v0x126827b80_0 .var/s "b_out", 7 0;
v0x126827c10_0 .net "clk", 0 0, v0x126834560_0;  alias, 1 drivers
v0x126827ca0_0 .net "rst", 0 0, v0x126834c70_0;  alias, 1 drivers
v0x126827db0_0 .net "w_load", 0 0, v0x12682ce80_0;  alias, 1 drivers
v0x126827e40_0 .var/s "w_reg", 7 0;
S_0x126826f70 .scope module, "u_mac" "mac" 6 18, 7 1 0, S_0x126826c80;
 .timescale 0 0;
    .port_info 0 /INPUT 1 "clk";
    .port_info 1 /INPUT 1 "rst";
    .port_info 2 /INPUT 8 "a_in";
    .port_info 3 /INPUT 8 "b_in";
    .port_info 4 /INPUT 32 "acc_in";
    .port_info 5 /OUTPUT 32 "acc_out";
v0x126827260_0 .net/s "a_in", 7 0, v0x1268262b0_0;  alias, 1 drivers
v0x126827330_0 .net/s "acc_in", 31 0, v0x1268221f0_0;  alias, 1 drivers
v0x1268273e0_0 .var/s "acc_out", 31 0;
v0x126827490_0 .net/s "b_in", 7 0, L_0x126839810;  alias, 1 drivers
v0x126827540_0 .net "clk", 0 0, v0x126834560_0;  alias, 1 drivers
v0x126827610_0 .net "rst", 0 0, v0x126834c70_0;  alias, 1 drivers
E_0x1268271f0 .event anyedge, v0x125ee4bb0_0, v0x1268221f0_0, v0x1268262b0_0, v0x126827490_0;
S_0x126827fd0 .scope generate, "genblk1[2]" "genblk1[2]" 5 66, 5 66 0, S_0x1268252f0;
 .timescale 0 0;
P_0x126828140 .param/l "c" 1 5 66, +C4<010>;
S_0x1268281c0 .scope module, "u_pe" "pe" 5 67, 6 1 0, S_0x126827fd0;
 .timescale 0 0;
    .port_info 0 /INPUT 1 "clk";
    .port_info 1 /INPUT 1 "rst";
    .port_info 2 /INPUT 1 "w_load";
    .port_info 3 /INPUT 8 "a_in";
    .port_info 4 /INPUT 8 "b_in";
    .port_info 5 /INPUT 32 "acc_in";
    .port_info 6 /OUTPUT 8 "a_out";
    .port_info 7 /OUTPUT 8 "b_out";
    .port_info 8 /OUTPUT 32 "acc_out";
v0x126828c80_0 .net/s "a_in", 7 0, v0x126827800_0;  alias, 1 drivers
v0x126828d50_0 .var/s "a_out", 7 0;
v0x126828de0_0 .net/s "acc_in", 31 0, v0x126823740_0;  alias, 1 drivers
v0x126828eb0_0 .var/s "acc_out", 31 0;
v0x126828f50_0 .net "acc_res", 31 0, v0x126828930_0;  1 drivers
v0x126829020_0 .net/s "b_in", 7 0, L_0x1268398c0;  alias, 1 drivers
v0x1268290d0_0 .var/s "b_out", 7 0;
v0x126829160_0 .net "clk", 0 0, v0x126834560_0;  alias, 1 drivers
v0x1268291f0_0 .net "rst", 0 0, v0x126834c70_0;  alias, 1 drivers
v0x126829300_0 .net "w_load", 0 0, v0x12682ce80_0;  alias, 1 drivers
v0x126829390_0 .var/s "w_reg", 7 0;
S_0x1268284b0 .scope module, "u_mac" "mac" 6 18, 7 1 0, S_0x1268281c0;
 .timescale 0 0;
    .port_info 0 /INPUT 1 "clk";
    .port_info 1 /INPUT 1 "rst";
    .port_info 2 /INPUT 8 "a_in";
    .port_info 3 /INPUT 8 "b_in";
    .port_info 4 /INPUT 32 "acc_in";
    .port_info 5 /OUTPUT 32 "acc_out";
v0x1268287b0_0 .net/s "a_in", 7 0, v0x126827800_0;  alias, 1 drivers
v0x126828880_0 .net/s "acc_in", 31 0, v0x126823740_0;  alias, 1 drivers
v0x126828930_0 .var/s "acc_out", 31 0;
v0x1268289e0_0 .net/s "b_in", 7 0, L_0x1268398c0;  alias, 1 drivers
v0x126828a90_0 .net "clk", 0 0, v0x126834560_0;  alias, 1 drivers
v0x126828b60_0 .net "rst", 0 0, v0x126834c70_0;  alias, 1 drivers
E_0x126828740 .event anyedge, v0x125ee4bb0_0, v0x126823740_0, v0x126827800_0, v0x1268289e0_0;
S_0x126829520 .scope generate, "genblk1[3]" "genblk1[3]" 5 66, 5 66 0, S_0x1268252f0;
 .timescale 0 0;
P_0x126829690 .param/l "c" 1 5 66, +C4<011>;
S_0x126829710 .scope module, "u_pe" "pe" 5 67, 6 1 0, S_0x126829520;
 .timescale 0 0;
    .port_info 0 /INPUT 1 "clk";
    .port_info 1 /INPUT 1 "rst";
    .port_info 2 /INPUT 1 "w_load";
    .port_info 3 /INPUT 8 "a_in";
    .port_info 4 /INPUT 8 "b_in";
    .port_info 5 /INPUT 32 "acc_in";
    .port_info 6 /OUTPUT 8 "a_out";
    .port_info 7 /OUTPUT 8 "b_out";
    .port_info 8 /OUTPUT 32 "acc_out";
v0x12682a1c0_0 .net/s "a_in", 7 0, v0x126828d50_0;  alias, 1 drivers
v0x12682a290_0 .var/s "a_out", 7 0;
v0x12682a320_0 .net/s "acc_in", 31 0, v0x126824c80_0;  alias, 1 drivers
v0x12682a3f0_0 .var/s "acc_out", 31 0;
v0x12682a490_0 .net "acc_res", 31 0, v0x126829e70_0;  1 drivers
v0x12682a560_0 .net/s "b_in", 7 0, L_0x126839c40;  alias, 1 drivers
v0x12682a610_0 .var/s "b_out", 7 0;
v0x12682a6a0_0 .net "clk", 0 0, v0x126834560_0;  alias, 1 drivers
v0x12682a730_0 .net "rst", 0 0, v0x126834c70_0;  alias, 1 drivers
v0x12682a840_0 .net "w_load", 0 0, v0x12682ce80_0;  alias, 1 drivers
v0x12682a8d0_0 .var/s "w_reg", 7 0;
S_0x126829a00 .scope module, "u_mac" "mac" 6 18, 7 1 0, S_0x126829710;
 .timescale 0 0;
    .port_info 0 /INPUT 1 "clk";
    .port_info 1 /INPUT 1 "rst";
    .port_info 2 /INPUT 8 "a_in";
    .port_info 3 /INPUT 8 "b_in";
    .port_info 4 /INPUT 32 "acc_in";
    .port_info 5 /OUTPUT 32 "acc_out";
v0x126829cf0_0 .net/s "a_in", 7 0, v0x126828d50_0;  alias, 1 drivers
v0x126829dc0_0 .net/s "acc_in", 31 0, v0x126824c80_0;  alias, 1 drivers
v0x126829e70_0 .var/s "acc_out", 31 0;
v0x126829f20_0 .net/s "b_in", 7 0, L_0x126839c40;  alias, 1 drivers
v0x126829fd0_0 .net "clk", 0 0, v0x126834560_0;  alias, 1 drivers
v0x12682a0a0_0 .net "rst", 0 0, v0x126834c70_0;  alias, 1 drivers
E_0x126829c80 .event anyedge, v0x125ee4bb0_0, v0x126824c80_0, v0x126828d50_0, v0x126829f20_0;
S_0x12682aa60 .scope generate, "genblk3[0]" "genblk3[0]" 5 84, 5 84 0, S_0x125eb81c0;
 .timescale 0 0;
P_0x125eb4b90 .param/l "i" 1 5 84, +C4<00>;
L_0x126838ad0 .functor BUFZ 32, v0x126826410_0, C4<00000000000000000000000000000000>, C4<00000000000000000000000000000000>, C4<00000000000000000000000000000000>;
S_0x12682ac90 .scope generate, "genblk3[1]" "genblk3[1]" 5 84, 5 84 0, S_0x125eb81c0;
 .timescale 0 0;
P_0x12682ae50 .param/l "i" 1 5 84, +C4<01>;
L_0x126838b80 .functor BUFZ 32, v0x126827960_0, C4<00000000000000000000000000000000>, C4<00000000000000000000000000000000>, C4<00000000000000000000000000000000>;
S_0x12682aee0 .scope generate, "genblk3[2]" "genblk3[2]" 5 84, 5 84 0, S_0x125eb81c0;
 .timescale 0 0;
P_0x12682b0a0 .param/l "i" 1 5 84, +C4<010>;
L_0x126838c30 .functor BUFZ 32, v0x126828eb0_0, C4<00000000000000000000000000000000>, C4<00000000000000000000000000000000>, C4<00000000000000000000000000000000>;
S_0x12682b140 .scope generate, "genblk3[3]" "genblk3[3]" 5 84, 5 84 0, S_0x125eb81c0;
 .timescale 0 0;
P_0x12682b300 .param/l "i" 1 5 84, +C4<011>;
L_0x126838ce0 .functor BUFZ 32, v0x12682a3f0_0, C4<00000000000000000000000000000000>, C4<00000000000000000000000000000000>, C4<00000000000000000000000000000000>;
S_0x12682c2b0 .scope module, "u_ctrl" "fsm_controller" 4 176, 8 1 0, S_0x125eefa70;
 .timescale 0 0;
    .port_info 0 /INPUT 1 "clk";
    .port_info 1 /INPUT 1 "rst";
    .port_info 2 /INPUT 1 "done";
    .port_info 3 /INPUT 1 "load_done";
    .port_info 4 /INPUT 1 "input_load_done";
    .port_info 5 /OUTPUT 1 "load_input";
    .port_info 6 /OUTPUT 1 "load_weight";
    .port_info 7 /OUTPUT 1 "start_compute";
    .port_info 8 /OUTPUT 1 "input_read_en";
    .port_info 9 /OUTPUT 1 "weight_read_en";
    .port_info 10 /OUTPUT 1 "bufSel";
    .port_info 11 /OUTPUT 1 "loadSel";
P_0x12682c420 .param/l "COMPUTE" 1 8 24, C4<011>;
P_0x12682c460 .param/l "INIT" 1 8 21, C4<000>;
P_0x12682c4a0 .param/l "LOAD_I" 1 8 23, C4<010>;
P_0x12682c4e0 .param/l "LOAD_W" 1 8 22, C4<001>;
P_0x12682c520 .param/l "NEXT_TILE" 1 8 27, C4<110>;
P_0x12682c560 .param/l "NUM_LAYERS" 1 8 30, +C4<00000000000000000000000000000011>;
P_0x12682c5a0 .param/l "WAIT_DONE" 1 8 25, C4<100>;
P_0x12682c5e0 .param/l "WRITEBACK" 1 8 26, C4<101>;
v0x12682c820_0 .var "bg_load_done", 0 0;
v0x12682c8b0_0 .var "bufSel", 0 0;
v0x12682c940_0 .net "clk", 0 0, v0x126834560_0;  alias, 1 drivers
v0x12682c9d0_0 .var "counter", 1 0;
v0x12682ca60_0 .net "done", 0 0, v0x126820810_0;  alias, 1 drivers
v0x12682cb30_0 .net "input_load_done", 0 0, v0x12682db90_0;  alias, 1 drivers
v0x12682cbc0_0 .var "input_read_en", 0 0;
v0x12682cc50_0 .var "loadSel", 0 0;
v0x12682cce0_0 .net "load_done", 0 0, L_0x1268385e0;  alias, 1 drivers
v0x12682cdf0_0 .var "load_input", 0 0;
v0x12682ce80_0 .var "load_weight", 0 0;
v0x12682cf10_0 .var "next_state", 2 0;
v0x12682cfa0_0 .net "rst", 0 0, v0x126834c70_0;  alias, 1 drivers
v0x12682d030_0 .var "start_compute", 0 0;
v0x12682d0c0_0 .var "state", 2 0;
v0x12682d150_0 .var "weight_read_en", 0 0;
E_0x12682c660/0 .event anyedge, v0x12682d0c0_0, v0x12682cce0_0, v0x12682cb30_0, v0x12682c9d0_0;
E_0x12682c660/1 .event anyedge, v0x126820810_0, v0x12682c820_0;
E_0x12682c660 .event/or E_0x12682c660/0, E_0x12682c660/1;
S_0x12682d2e0 .scope module, "u_input" "input_buffer" 4 93, 9 1 0, S_0x125eefa70;
 .timescale 0 0;
    .port_info 0 /INPUT 1 "clk";
    .port_info 1 /INPUT 1 "rst";
    .port_info 2 /INPUT 1 "load";
    .port_info 3 /INPUT 1 "read_en";
    .port_info 4 /INPUT 8 "in_data";
    .port_info 5 /INPUT 1 "in_valid";
    .port_info 6 /OUTPUT 1 "in_ready";
    .port_info 7 /OUTPUT 32 "out_data";
    .port_info 8 /OUTPUT 1 "input_load_done";
v0x12682d860_0 .net "clk", 0 0, v0x126834560_0;  alias, 1 drivers
v0x12682d900_0 .var "full", 0 0;
v0x12682d9a0_0 .net "in_data", 7 0, L_0x126836500;  alias, 1 drivers
v0x12682da30_0 .net "in_ready", 0 0, L_0x1268367e0;  alias, 1 drivers
v0x12682dac0_0 .net "in_valid", 0 0, L_0x126836680;  alias, 1 drivers
v0x12682db90_0 .var "input_load_done", 0 0;
v0x12682dc20_0 .net "load", 0 0, v0x12682cdf0_0;  alias, 1 drivers
v0x12682dcd0 .array "mem", 3 0, 7 0;
v0x12682dd60 .array/s "out_data", 3 0, 7 0;
v0x12682dec0_0 .net "read_en", 0 0, v0x12682cbc0_0;  alias, 1 drivers
v0x12682df70_0 .net "rst", 0 0, v0x126834c70_0;  alias, 1 drivers
v0x12682e000_0 .var "wr_ptr", 2 0;
L_0x1268367e0 .reduce/nor v0x12682d900_0;
S_0x12682d5d0 .scope begin, "$ivl_for_loop0" "$ivl_for_loop0" 9 41, 9 41 0, S_0x12682d2e0;
 .timescale 0 0;
v0x12682d7a0_0 .var/2s "i", 31 0;
S_0x12682e140 .scope module, "u_output" "output_buffer" 4 164, 10 1 0, S_0x125eefa70;
 .timescale 0 0;
    .port_info 0 /INPUT 1 "clk";
    .port_info 1 /INPUT 1 "rst";
    .port_info 2 /INPUT 1 "done";
    .port_info 3 /INPUT 1 "out_ready";
    .port_info 4 /INPUT 128 "data_in";
    .port_info 5 /OUTPUT 128 "data_out";
    .port_info 6 /OUTPUT 1 "valid";
L_0x126839cf0 .functor BUFZ 1, v0x12682ebc0_0, C4<0>, C4<0>, C4<0>;
v0x12682e630 .array/s "bias", 3 0, 31 0;
v0x12682e6e0_0 .var/s "biased", 31 0;
v0x12682e790_0 .net "clk", 0 0, v0x126834560_0;  alias, 1 drivers
v0x12682e840 .array "data_in", 3 0;
v0x12682e840_0 .net/s v0x12682e840 0, 31 0, L_0x126839d60; 1 drivers
v0x12682e840_1 .net/s v0x12682e840 1, 31 0, L_0x126839e10; 1 drivers
v0x12682e840_2 .net/s v0x12682e840 2, 31 0, L_0x12683a220; 1 drivers
v0x12682e840_3 .net/s v0x12682e840 3, 31 0, L_0x12683a290; 1 drivers
v0x12682e930 .array/s "data_out", 3 0, 31 0;
v0x12682ea50_0 .net "done", 0 0, v0x126820810_0;  alias, 1 drivers
v0x12682eb20_0 .net "out_ready", 0 0, v0x1268349c0_0;  alias, 1 drivers
v0x12682ebc0_0 .var "out_valid_r", 0 0;
v0x12682ec60_0 .net "rst", 0 0, v0x126834c70_0;  alias, 1 drivers
v0x12682ed70_0 .net "valid", 0 0, L_0x126839cf0;  alias, 1 drivers
S_0x12682e3a0 .scope begin, "$ivl_for_loop1" "$ivl_for_loop1" 10 26, 10 26 0, S_0x12682e140;
 .timescale 0 0;
v0x12682e570_0 .var/2s "i", 31 0;
S_0x12682ee60 .scope module, "u_weight" "weight_buffer" 4 108, 11 1 0, S_0x125eefa70;
 .timescale 0 0;
    .port_info 0 /INPUT 1 "clk";
    .port_info 1 /INPUT 1 "rst";
    .port_info 2 /INPUT 1 "load";
    .port_info 3 /INPUT 1 "read_en";
    .port_info 4 /INPUT 1 "in_valid";
    .port_info 5 /INPUT 8 "in_data";
    .port_info 6 /OUTPUT 128 "out_data";
    .port_info 7 /OUTPUT 1 "load_done";
v0x12682fc30_0 .net "clk", 0 0, v0x126834560_0;  alias, 1 drivers
v0x12682fcd0_0 .net "in_data", 7 0, v0x126834e30_0;  alias, 1 drivers
v0x12682fd80_0 .net "in_valid", 0 0, v0x126834ed0_0;  alias, 1 drivers
v0x12682fe30_0 .net "load", 0 0, L_0x126836b90;  1 drivers
v0x12682fed0_0 .var "load_done", 0 0;
v0x12682ffb0 .array "mem", 15 0, 7 0;
v0x1268301d0 .array/s "out_data", 15 0, 7 0;
v0x1268303f0_0 .net "read_en", 0 0, L_0x126836d10;  1 drivers
v0x126830490_0 .net "rst", 0 0, v0x126834c70_0;  alias, 1 drivers
v0x1268305a0_0 .var "wr_ptr", 4 0;
v0x12682ffb0_0 .array/port v0x12682ffb0, 0;
v0x12682ffb0_1 .array/port v0x12682ffb0, 1;
E_0x12682e2b0/0 .event anyedge, v0x125ee4bb0_0, v0x1268303f0_0, v0x12682ffb0_0, v0x12682ffb0_1;
v0x12682ffb0_2 .array/port v0x12682ffb0, 2;
v0x12682ffb0_3 .array/port v0x12682ffb0, 3;
v0x12682ffb0_4 .array/port v0x12682ffb0, 4;
v0x12682ffb0_5 .array/port v0x12682ffb0, 5;
E_0x12682e2b0/1 .event anyedge, v0x12682ffb0_2, v0x12682ffb0_3, v0x12682ffb0_4, v0x12682ffb0_5;
v0x12682ffb0_6 .array/port v0x12682ffb0, 6;
v0x12682ffb0_7 .array/port v0x12682ffb0, 7;
v0x12682ffb0_8 .array/port v0x12682ffb0, 8;
v0x12682ffb0_9 .array/port v0x12682ffb0, 9;
E_0x12682e2b0/2 .event anyedge, v0x12682ffb0_6, v0x12682ffb0_7, v0x12682ffb0_8, v0x12682ffb0_9;
v0x12682ffb0_10 .array/port v0x12682ffb0, 10;
v0x12682ffb0_11 .array/port v0x12682ffb0, 11;
v0x12682ffb0_12 .array/port v0x12682ffb0, 12;
v0x12682ffb0_13 .array/port v0x12682ffb0, 13;
E_0x12682e2b0/3 .event anyedge, v0x12682ffb0_10, v0x12682ffb0_11, v0x12682ffb0_12, v0x12682ffb0_13;
v0x12682ffb0_14 .array/port v0x12682ffb0, 14;
v0x12682ffb0_15 .array/port v0x12682ffb0, 15;
E_0x12682e2b0/4 .event anyedge, v0x12682ffb0_14, v0x12682ffb0_15;
E_0x12682e2b0 .event/or E_0x12682e2b0/0, E_0x12682e2b0/1, E_0x12682e2b0/2, E_0x12682e2b0/3, E_0x12682e2b0/4;
S_0x12682f200 .scope begin, "$ivl_for_loop2" "$ivl_for_loop2" 11 39, 11 39 0, S_0x12682ee60;
 .timescale 0 0;
v0x12682f660_0 .var/2s "r", 31 0;
S_0x12682f3d0 .scope begin, "$ivl_for_loop3" "$ivl_for_loop3" 11 40, 11 40 0, S_0x12682f200;
 .timescale 0 0;
v0x12682f5a0_0 .var/2s "c", 31 0;
S_0x12682f720 .scope begin, "$ivl_for_loop4" "$ivl_for_loop4" 11 44, 11 44 0, S_0x12682ee60;
 .timescale 0 0;
v0x12682fb70_0 .var/2s "r", 31 0;
S_0x12682f8f0 .scope begin, "$ivl_for_loop5" "$ivl_for_loop5" 11 45, 11 45 0, S_0x12682f720;
 .timescale 0 0;
v0x12682fab0_0 .var/2s "c", 31 0;
S_0x1268306b0 .scope module, "u_weight2" "weight_buffer" 4 122, 11 1 0, S_0x125eefa70;
 .timescale 0 0;
    .port_info 0 /INPUT 1 "clk";
    .port_info 1 /INPUT 1 "rst";
    .port_info 2 /INPUT 1 "load";
    .port_info 3 /INPUT 1 "read_en";
    .port_info 4 /INPUT 1 "in_valid";
    .port_info 5 /INPUT 8 "in_data";
    .port_info 6 /OUTPUT 128 "out_data";
    .port_info 7 /OUTPUT 1 "load_done";
v0x126831440_0 .net "clk", 0 0, v0x126834560_0;  alias, 1 drivers
v0x1268314e0_0 .net "in_data", 7 0, v0x126834e30_0;  alias, 1 drivers
v0x1268315a0_0 .net "in_valid", 0 0, v0x126834ed0_0;  alias, 1 drivers
v0x126831670_0 .net "load", 0 0, L_0x1268377f0;  1 drivers
v0x126831700_0 .var "load_done", 0 0;
v0x1268317d0 .array "mem", 15 0, 7 0;
v0x1268319e0 .array/s "out_data", 15 0, 7 0;
v0x126831c00_0 .net "read_en", 0 0, L_0x126837bd0;  1 drivers
v0x126831ca0_0 .net "rst", 0 0, v0x126834c70_0;  alias, 1 drivers
v0x126831db0_0 .var "wr_ptr", 4 0;
v0x1268317d0_0 .array/port v0x1268317d0, 0;
v0x1268317d0_1 .array/port v0x1268317d0, 1;
E_0x126830930/0 .event anyedge, v0x125ee4bb0_0, v0x126831c00_0, v0x1268317d0_0, v0x1268317d0_1;
v0x1268317d0_2 .array/port v0x1268317d0, 2;
v0x1268317d0_3 .array/port v0x1268317d0, 3;
v0x1268317d0_4 .array/port v0x1268317d0, 4;
v0x1268317d0_5 .array/port v0x1268317d0, 5;
E_0x126830930/1 .event anyedge, v0x1268317d0_2, v0x1268317d0_3, v0x1268317d0_4, v0x1268317d0_5;
v0x1268317d0_6 .array/port v0x1268317d0, 6;
v0x1268317d0_7 .array/port v0x1268317d0, 7;
v0x1268317d0_8 .array/port v0x1268317d0, 8;
v0x1268317d0_9 .array/port v0x1268317d0, 9;
E_0x126830930/2 .event anyedge, v0x1268317d0_6, v0x1268317d0_7, v0x1268317d0_8, v0x1268317d0_9;
v0x1268317d0_10 .array/port v0x1268317d0, 10;
v0x1268317d0_11 .array/port v0x1268317d0, 11;
v0x1268317d0_12 .array/port v0x1268317d0, 12;
v0x1268317d0_13 .array/port v0x1268317d0, 13;
E_0x126830930/3 .event anyedge, v0x1268317d0_10, v0x1268317d0_11, v0x1268317d0_12, v0x1268317d0_13;
v0x1268317d0_14 .array/port v0x1268317d0, 14;
v0x1268317d0_15 .array/port v0x1268317d0, 15;
E_0x126830930/4 .event anyedge, v0x1268317d0_14, v0x1268317d0_15;
E_0x126830930 .event/or E_0x126830930/0, E_0x126830930/1, E_0x126830930/2, E_0x126830930/3, E_0x126830930/4;
S_0x126830a10 .scope begin, "$ivl_for_loop2" "$ivl_for_loop2" 11 39, 11 39 0, S_0x1268306b0;
 .timescale 0 0;
v0x126830e70_0 .var/2s "r", 31 0;
S_0x126830be0 .scope begin, "$ivl_for_loop3" "$ivl_for_loop3" 11 40, 11 40 0, S_0x126830a10;
 .timescale 0 0;
v0x126830db0_0 .var/2s "c", 31 0;
S_0x126830f30 .scope begin, "$ivl_for_loop4" "$ivl_for_loop4" 11 44, 11 44 0, S_0x1268306b0;
 .timescale 0 0;
v0x126831380_0 .var/2s "r", 31 0;
S_0x126831100 .scope begin, "$ivl_for_loop5" "$ivl_for_loop5" 11 45, 11 45 0, S_0x126830f30;
 .timescale 0 0;
v0x1268312c0_0 .var/2s "c", 31 0;
S_0x126834040 .scope task, "wait_and_check" "wait_and_check" 3 131, 3 131 0, S_0x125ee6e50;
 .timescale -9 -12;
v0x1268341b0_0 .var/s "e0", 31 0;
v0x126834250_0 .var/s "e1", 31 0;
v0x126834300_0 .var/s "e2", 31 0;
v0x1268343c0_0 .var/s "e3", 31 0;
v0x126834470_0 .var "label", 127 0;
TD_tb_topModule.wait_and_check ;
    %pushi/vec4 0, 0, 1;
    %store/vec4 v0x1268349c0_0, 0, 1;
    %pushi/vec4 0, 0, 32;
    %store/vec4 v0x126834d90_0, 0, 32;
T_4.13 ;
    %load/vec4 v0x126834a90_0;
    %nor/r;
    %flag_set/vec4 9;
    %flag_get/vec4 9;
    %jmp/0 T_4.15, 9;
    %load/vec4 v0x126834d90_0;
    %cmpi/s 500, 0, 32;
    %flag_get/vec4 5;
    %and;
T_4.15;
    %flag_set/vec4 8;
    %jmp/0xz T_4.14, 8;
    %wait E_0x125eeb780;
    %load/vec4 v0x126834d90_0;
    %addi 1, 0, 32;
    %store/vec4 v0x126834d90_0, 0, 32;
    %jmp T_4.13;
T_4.14 ;
    %load/vec4 v0x126834d90_0;
    %cmpi/s 500, 0, 32;
    %flag_inv 5; GE is !LT
    %jmp/0xz  T_4.16, 5;
    %vpi_call/w 3 144 "$display", "  [%s] TIMEOUT waiting for out_valid", v0x126834470_0 {0 0 0};
    %load/vec4 v0x126834770_0;
    %addi 1, 0, 32;
    %store/vec4 v0x126834770_0, 0, 32;
    %jmp T_4.17;
T_4.16 ;
    %ix/load 4, 0, 0;
    %flag_set/imm 4, 0;
    %load/vec4a v0x126834910, 4;
    %load/vec4 v0x1268341b0_0;
    %cmp/e;
    %flag_get/vec4 6;
    %jmp/0 T_4.22, 6;
    %ix/load 4, 1, 0;
    %flag_set/imm 4, 0;
    %load/vec4a v0x126834910, 4;
    %load/vec4 v0x126834250_0;
    %cmp/e;
    %flag_get/vec4 6;
    %and;
T_4.22;
    %flag_set/vec4 10;
    %flag_get/vec4 10;
    %jmp/0 T_4.21, 10;
    %ix/load 4, 2, 0;
    %flag_set/imm 4, 0;
    %load/vec4a v0x126834910, 4;
    %load/vec4 v0x126834300_0;
    %cmp/e;
    %flag_get/vec4 6;
    %and;
T_4.21;
    %flag_set/vec4 9;
    %flag_get/vec4 9;
    %jmp/0 T_4.20, 9;
    %ix/load 4, 3, 0;
    %flag_set/imm 4, 0;
    %load/vec4a v0x126834910, 4;
    %load/vec4 v0x1268343c0_0;
    %cmp/e;
    %flag_get/vec4 6;
    %and;
T_4.20;
    %flag_set/vec4 8;
    %jmp/0xz  T_4.18, 8;
    %vpi_call/w 3 149 "$display", "  [%s] PASS  got=[%0d, %0d, %0d, %0d]", v0x126834470_0, v0x126834910_0, v0x126834910_1, v0x126834910_2, v0x126834910_3 {0 0 0};
    %load/vec4 v0x126834b60_0;
    %addi 1, 0, 32;
    %store/vec4 v0x126834b60_0, 0, 32;
    %jmp T_4.19;
T_4.18 ;
    %vpi_call/w 3 154 "$display", "  [%s] FAIL  got=[%0d, %0d, %0d, %0d]  expected=[%0d, %0d, %0d, %0d]", v0x126834470_0, v0x126834910_0, v0x126834910_1, v0x126834910_2, v0x126834910_3, v0x1268341b0_0, v0x126834250_0, v0x126834300_0, v0x1268343c0_0 {0 0 0};
    %load/vec4 v0x126834770_0;
    %addi 1, 0, 32;
    %store/vec4 v0x126834770_0, 0, 32;
T_4.19 ;
    %wait E_0x125eeb780;
    %delay 1000, 0;
    %pushi/vec4 1, 0, 1;
    %store/vec4 v0x1268349c0_0, 0, 1;
    %wait E_0x125eeb780;
    %delay 1000, 0;
    %pushi/vec4 0, 0, 1;
    %store/vec4 v0x1268349c0_0, 0, 1;
T_4.17 ;
    %end;
    .scope S_0x12682d2e0;
T_5 ;
    %wait E_0x125eeb780;
    %load/vec4 v0x12682df70_0;
    %flag_set/vec4 8;
    %jmp/0xz  T_5.0, 8;
    %pushi/vec4 0, 0, 3;
    %assign/vec4 v0x12682e000_0, 0;
    %pushi/vec4 0, 0, 1;
    %assign/vec4 v0x12682db90_0, 0;
    %pushi/vec4 0, 0, 1;
    %assign/vec4 v0x12682d900_0, 0;
    %jmp T_5.1;
T_5.0 ;
    %pushi/vec4 0, 0, 1;
    %assign/vec4 v0x12682db90_0, 0;
    %load/vec4 v0x12682dc20_0;
    %flag_set/vec4 10;
    %flag_get/vec4 10;
    %jmp/0 T_5.5, 10;
    %load/vec4 v0x12682dac0_0;
    %and;
T_5.5;
    %flag_set/vec4 9;
    %flag_get/vec4 9;
    %jmp/0 T_5.4, 9;
    %load/vec4 v0x12682d900_0;
    %nor/r;
    %and;
T_5.4;
    %flag_set/vec4 8;
    %jmp/0xz  T_5.2, 8;
    %load/vec4 v0x12682d9a0_0;
    %load/vec4 v0x12682e000_0;
    %pad/u 4;
    %ix/vec4 3;
    %ix/load 4, 0, 0; Constant delay
    %assign/vec4/a/d v0x12682dcd0, 0, 4;
    %load/vec4 v0x12682e000_0;
    %cmpi/e 3, 0, 3;
    %jmp/0xz  T_5.6, 4;
    %pushi/vec4 0, 0, 3;
    %assign/vec4 v0x12682e000_0, 0;
    %pushi/vec4 1, 0, 1;
    %assign/vec4 v0x12682db90_0, 0;
    %pushi/vec4 1, 0, 1;
    %assign/vec4 v0x12682d900_0, 0;
    %jmp T_5.7;
T_5.6 ;
    %load/vec4 v0x12682e000_0;
    %addi 1, 0, 3;
    %assign/vec4 v0x12682e000_0, 0;
T_5.7 ;
T_5.2 ;
T_5.1 ;
    %jmp T_5;
    .thread T_5;
    .scope S_0x12682d2e0;
T_6 ;
    %wait E_0x125eeb780;
    %load/vec4 v0x12682df70_0;
    %flag_set/vec4 8;
    %jmp/0xz  T_6.0, 8;
    %fork t_1, S_0x12682d5d0;
    %jmp t_0;
    .scope S_0x12682d5d0;
t_1 ;
    %pushi/vec4 0, 0, 32;
    %store/vec4 v0x12682d7a0_0, 0, 32;
T_6.2 ;
    %load/vec4 v0x12682d7a0_0;
    %cmpi/s 4, 0, 32;
    %jmp/0xz T_6.3, 5;
    %pushi/vec4 0, 0, 8;
    %ix/getv/s 3, v0x12682d7a0_0;
    %ix/load 4, 0, 0; Constant delay
    %assign/vec4/a/d v0x12682dd60, 0, 4;
    ; show_stmt_assign_vector: Get l-value for compressed += operand
    %load/vec4 v0x12682d7a0_0;
    %pushi/vec4 1, 0, 32;
    %add;
    %cast2;
    %store/vec4 v0x12682d7a0_0, 0, 32;
    %jmp T_6.2;
T_6.3 ;
    %end;
    .scope S_0x12682d2e0;
t_0 %join;
    %jmp T_6.1;
T_6.0 ;
    %load/vec4 v0x12682dec0_0;
    %flag_set/vec4 9;
    %flag_get/vec4 9;
    %jmp/0 T_6.6, 9;
    %load/vec4 v0x12682d900_0;
    %and;
T_6.6;
    %flag_set/vec4 8;
    %jmp/0xz  T_6.4, 8;
    %ix/load 4, 0, 0;
    %flag_set/imm 4, 0;
    %load/vec4a v0x12682dcd0, 4;
    %ix/load 3, 0, 0;
    %flag_set/imm 4, 0;
    %ix/load 4, 0, 0; Constant delay
    %assign/vec4/a/d v0x12682dd60, 0, 4;
    %ix/load 4, 1, 0;
    %flag_set/imm 4, 0;
    %load/vec4a v0x12682dcd0, 4;
    %ix/load 3, 1, 0;
    %flag_set/imm 4, 0;
    %ix/load 4, 0, 0; Constant delay
    %assign/vec4/a/d v0x12682dd60, 0, 4;
    %ix/load 4, 2, 0;
    %flag_set/imm 4, 0;
    %load/vec4a v0x12682dcd0, 4;
    %ix/load 3, 2, 0;
    %flag_set/imm 4, 0;
    %ix/load 4, 0, 0; Constant delay
    %assign/vec4/a/d v0x12682dd60, 0, 4;
    %ix/load 4, 3, 0;
    %flag_set/imm 4, 0;
    %load/vec4a v0x12682dcd0, 4;
    %ix/load 3, 3, 0;
    %flag_set/imm 4, 0;
    %ix/load 4, 0, 0; Constant delay
    %assign/vec4/a/d v0x12682dd60, 0, 4;
    %pushi/vec4 0, 0, 1;
    %assign/vec4 v0x12682d900_0, 0;
    %pushi/vec4 0, 0, 3;
    %assign/vec4 v0x12682e000_0, 0;
    %pushi/vec4 0, 0, 1;
    %assign/vec4 v0x12682db90_0, 0;
T_6.4 ;
T_6.1 ;
    %jmp T_6;
    .thread T_6;
    .scope S_0x12682ee60;
T_7 ;
    %wait E_0x125eeb780;
    %load/vec4 v0x126830490_0;
    %flag_set/vec4 8;
    %jmp/0xz  T_7.0, 8;
    %pushi/vec4 0, 0, 5;
    %assign/vec4 v0x1268305a0_0, 0;
    %pushi/vec4 0, 0, 1;
    %assign/vec4 v0x12682fed0_0, 0;
    %jmp T_7.1;
T_7.0 ;
    %pushi/vec4 0, 0, 1;
    %assign/vec4 v0x12682fed0_0, 0;
    %load/vec4 v0x12682fe30_0;
    %flag_set/vec4 9;
    %flag_get/vec4 9;
    %jmp/0 T_7.4, 9;
    %load/vec4 v0x12682fd80_0;
    %and;
T_7.4;
    %flag_set/vec4 8;
    %jmp/0xz  T_7.2, 8;
    %load/vec4 v0x12682fcd0_0;
    %load/vec4 v0x1268305a0_0;
    %pad/u 6;
    %ix/vec4 3;
    %ix/load 4, 0, 0; Constant delay
    %assign/vec4/a/d v0x12682ffb0, 0, 4;
    %load/vec4 v0x1268305a0_0;
    %addi 1, 0, 5;
    %assign/vec4 v0x1268305a0_0, 0;
    %load/vec4 v0x1268305a0_0;
    %pad/u 32;
    %cmpi/e 15, 0, 32;
    %jmp/0xz  T_7.5, 4;
    %pushi/vec4 0, 0, 5;
    %assign/vec4 v0x1268305a0_0, 0;
    %pushi/vec4 1, 0, 1;
    %assign/vec4 v0x12682fed0_0, 0;
T_7.5 ;
T_7.2 ;
T_7.1 ;
    %jmp T_7;
    .thread T_7;
    .scope S_0x12682ee60;
T_8 ;
    %wait E_0x12682e2b0;
    %load/vec4 v0x126830490_0;
    %flag_set/vec4 8;
    %jmp/0xz  T_8.0, 8;
    %fork t_3, S_0x12682f200;
    %jmp t_2;
    .scope S_0x12682f200;
t_3 ;
    %pushi/vec4 0, 0, 32;
    %store/vec4 v0x12682f660_0, 0, 32;
T_8.2 ;
    %load/vec4 v0x12682f660_0;
    %cmpi/s 4, 0, 32;
    %jmp/0xz T_8.3, 5;
    %fork t_5, S_0x12682f3d0;
    %jmp t_4;
    .scope S_0x12682f3d0;
t_5 ;
    %pushi/vec4 0, 0, 32;
    %store/vec4 v0x12682f5a0_0, 0, 32;
T_8.4 ;
    %load/vec4 v0x12682f5a0_0;
    %cmpi/s 4, 0, 32;
    %jmp/0xz T_8.5, 5;
    %pushi/vec4 0, 0, 8;
    %load/vec4 v0x12682f660_0;
    %pad/s 35;
    %pad/s 37;
    %muli 4, 0, 37;
    %pad/s 38;
    %load/vec4 v0x12682f5a0_0;
    %pad/s 38;
    %add;
    %ix/vec4/s 4;
    %store/vec4a v0x1268301d0, 4, 0;
    ; show_stmt_assign_vector: Get l-value for compressed += operand
    %load/vec4 v0x12682f5a0_0;
    %pushi/vec4 1, 0, 32;
    %add;
    %cast2;
    %store/vec4 v0x12682f5a0_0, 0, 32;
    %jmp T_8.4;
T_8.5 ;
    %end;
    .scope S_0x12682f200;
t_4 %join;
    ; show_stmt_assign_vector: Get l-value for compressed += operand
    %load/vec4 v0x12682f660_0;
    %pushi/vec4 1, 0, 32;
    %add;
    %cast2;
    %store/vec4 v0x12682f660_0, 0, 32;
    %jmp T_8.2;
T_8.3 ;
    %end;
    .scope S_0x12682ee60;
t_2 %join;
    %jmp T_8.1;
T_8.0 ;
    %load/vec4 v0x1268303f0_0;
    %flag_set/vec4 8;
    %jmp/0xz  T_8.6, 8;
    %fork t_7, S_0x12682f720;
    %jmp t_6;
    .scope S_0x12682f720;
t_7 ;
    %pushi/vec4 0, 0, 32;
    %store/vec4 v0x12682fb70_0, 0, 32;
T_8.8 ;
    %load/vec4 v0x12682fb70_0;
    %cmpi/s 4, 0, 32;
    %jmp/0xz T_8.9, 5;
    %fork t_9, S_0x12682f8f0;
    %jmp t_8;
    .scope S_0x12682f8f0;
t_9 ;
    %pushi/vec4 0, 0, 32;
    %store/vec4 v0x12682fab0_0, 0, 32;
T_8.10 ;
    %load/vec4 v0x12682fab0_0;
    %cmpi/s 4, 0, 32;
    %jmp/0xz T_8.11, 5;
    %load/vec4 v0x12682fb70_0;
    %muli 4, 0, 32;
    %load/vec4 v0x12682fab0_0;
    %add;
    %ix/vec4/s 4;
    %load/vec4a v0x12682ffb0, 4;
    %load/vec4 v0x12682fb70_0;
    %pad/s 35;
    %pad/s 37;
    %muli 4, 0, 37;
    %pad/s 38;
    %load/vec4 v0x12682fab0_0;
    %pad/s 38;
    %add;
    %ix/vec4/s 4;
    %store/vec4a v0x1268301d0, 4, 0;
    ; show_stmt_assign_vector: Get l-value for compressed += operand
    %load/vec4 v0x12682fab0_0;
    %pushi/vec4 1, 0, 32;
    %add;
    %cast2;
    %store/vec4 v0x12682fab0_0, 0, 32;
    %jmp T_8.10;
T_8.11 ;
    %end;
    .scope S_0x12682f720;
t_8 %join;
    ; show_stmt_assign_vector: Get l-value for compressed += operand
    %load/vec4 v0x12682fb70_0;
    %pushi/vec4 1, 0, 32;
    %add;
    %cast2;
    %store/vec4 v0x12682fb70_0, 0, 32;
    %jmp T_8.8;
T_8.9 ;
    %end;
    .scope S_0x12682ee60;
t_6 %join;
T_8.6 ;
T_8.1 ;
    %jmp T_8;
    .thread T_8, $push;
    .scope S_0x1268306b0;
T_9 ;
    %wait E_0x125eeb780;
    %load/vec4 v0x126831ca0_0;
    %flag_set/vec4 8;
    %jmp/0xz  T_9.0, 8;
    %pushi/vec4 0, 0, 5;
    %assign/vec4 v0x126831db0_0, 0;
    %pushi/vec4 0, 0, 1;
    %assign/vec4 v0x126831700_0, 0;
    %jmp T_9.1;
T_9.0 ;
    %pushi/vec4 0, 0, 1;
    %assign/vec4 v0x126831700_0, 0;
    %load/vec4 v0x126831670_0;
    %flag_set/vec4 9;
    %flag_get/vec4 9;
    %jmp/0 T_9.4, 9;
    %load/vec4 v0x1268315a0_0;
    %and;
T_9.4;
    %flag_set/vec4 8;
    %jmp/0xz  T_9.2, 8;
    %load/vec4 v0x1268314e0_0;
    %load/vec4 v0x126831db0_0;
    %pad/u 6;
    %ix/vec4 3;
    %ix/load 4, 0, 0; Constant delay
    %assign/vec4/a/d v0x1268317d0, 0, 4;
    %load/vec4 v0x126831db0_0;
    %addi 1, 0, 5;
    %assign/vec4 v0x126831db0_0, 0;
    %load/vec4 v0x126831db0_0;
    %pad/u 32;
    %cmpi/e 15, 0, 32;
    %jmp/0xz  T_9.5, 4;
    %pushi/vec4 0, 0, 5;
    %assign/vec4 v0x126831db0_0, 0;
    %pushi/vec4 1, 0, 1;
    %assign/vec4 v0x126831700_0, 0;
T_9.5 ;
T_9.2 ;
T_9.1 ;
    %jmp T_9;
    .thread T_9;
    .scope S_0x1268306b0;
T_10 ;
    %wait E_0x126830930;
    %load/vec4 v0x126831ca0_0;
    %flag_set/vec4 8;
    %jmp/0xz  T_10.0, 8;
    %fork t_11, S_0x126830a10;
    %jmp t_10;
    .scope S_0x126830a10;
t_11 ;
    %pushi/vec4 0, 0, 32;
    %store/vec4 v0x126830e70_0, 0, 32;
T_10.2 ;
    %load/vec4 v0x126830e70_0;
    %cmpi/s 4, 0, 32;
    %jmp/0xz T_10.3, 5;
    %fork t_13, S_0x126830be0;
    %jmp t_12;
    .scope S_0x126830be0;
t_13 ;
    %pushi/vec4 0, 0, 32;
    %store/vec4 v0x126830db0_0, 0, 32;
T_10.4 ;
    %load/vec4 v0x126830db0_0;
    %cmpi/s 4, 0, 32;
    %jmp/0xz T_10.5, 5;
    %pushi/vec4 0, 0, 8;
    %load/vec4 v0x126830e70_0;
    %pad/s 35;
    %pad/s 37;
    %muli 4, 0, 37;
    %pad/s 38;
    %load/vec4 v0x126830db0_0;
    %pad/s 38;
    %add;
    %ix/vec4/s 4;
    %store/vec4a v0x1268319e0, 4, 0;
    ; show_stmt_assign_vector: Get l-value for compressed += operand
    %load/vec4 v0x126830db0_0;
    %pushi/vec4 1, 0, 32;
    %add;
    %cast2;
    %store/vec4 v0x126830db0_0, 0, 32;
    %jmp T_10.4;
T_10.5 ;
    %end;
    .scope S_0x126830a10;
t_12 %join;
    ; show_stmt_assign_vector: Get l-value for compressed += operand
    %load/vec4 v0x126830e70_0;
    %pushi/vec4 1, 0, 32;
    %add;
    %cast2;
    %store/vec4 v0x126830e70_0, 0, 32;
    %jmp T_10.2;
T_10.3 ;
    %end;
    .scope S_0x1268306b0;
t_10 %join;
    %jmp T_10.1;
T_10.0 ;
    %load/vec4 v0x126831c00_0;
    %flag_set/vec4 8;
    %jmp/0xz  T_10.6, 8;
    %fork t_15, S_0x126830f30;
    %jmp t_14;
    .scope S_0x126830f30;
t_15 ;
    %pushi/vec4 0, 0, 32;
    %store/vec4 v0x126831380_0, 0, 32;
T_10.8 ;
    %load/vec4 v0x126831380_0;
    %cmpi/s 4, 0, 32;
    %jmp/0xz T_10.9, 5;
    %fork t_17, S_0x126831100;
    %jmp t_16;
    .scope S_0x126831100;
t_17 ;
    %pushi/vec4 0, 0, 32;
    %store/vec4 v0x1268312c0_0, 0, 32;
T_10.10 ;
    %load/vec4 v0x1268312c0_0;
    %cmpi/s 4, 0, 32;
    %jmp/0xz T_10.11, 5;
    %load/vec4 v0x126831380_0;
    %muli 4, 0, 32;
    %load/vec4 v0x1268312c0_0;
    %add;
    %ix/vec4/s 4;
    %load/vec4a v0x1268317d0, 4;
    %load/vec4 v0x126831380_0;
    %pad/s 35;
    %pad/s 37;
    %muli 4, 0, 37;
    %pad/s 38;
    %load/vec4 v0x1268312c0_0;
    %pad/s 38;
    %add;
    %ix/vec4/s 4;
    %store/vec4a v0x1268319e0, 4, 0;
    ; show_stmt_assign_vector: Get l-value for compressed += operand
    %load/vec4 v0x1268312c0_0;
    %pushi/vec4 1, 0, 32;
    %add;
    %cast2;
    %store/vec4 v0x1268312c0_0, 0, 32;
    %jmp T_10.10;
T_10.11 ;
    %end;
    .scope S_0x126830f30;
t_16 %join;
    ; show_stmt_assign_vector: Get l-value for compressed += operand
    %load/vec4 v0x126831380_0;
    %pushi/vec4 1, 0, 32;
    %add;
    %cast2;
    %store/vec4 v0x126831380_0, 0, 32;
    %jmp T_10.8;
T_10.9 ;
    %end;
    .scope S_0x1268306b0;
t_14 %join;
T_10.6 ;
T_10.1 ;
    %jmp T_10;
    .thread T_10, $push;
    .scope S_0x125eb1d20;
T_11 ;
    %wait E_0x125eb1f70;
    %load/vec4 v0x125ee4bb0_0;
    %flag_set/vec4 8;
    %jmp/0xz  T_11.0, 8;
    %pushi/vec4 0, 0, 32;
    %assign/vec4 v0x125eed960_0, 0;
    %jmp T_11.1;
T_11.0 ;
    %load/vec4 v0x125eed8d0_0;
    %load/vec4 v0x125eb29c0_0;
    %pad/s 32;
    %load/vec4 v0x125eeb580_0;
    %pad/s 32;
    %mul;
    %add;
    %store/vec4 v0x125eed960_0, 0, 32;
T_11.1 ;
    %jmp T_11;
    .thread T_11, $push;
    .scope S_0x125eb2830;
T_12 ;
    %wait E_0x125eb40b0;
    %load/vec4 v0x125ec0f40_0;
    %flag_set/vec4 8;
    %jmp/0xz  T_12.0, 8;
    %pushi/vec4 0, 0, 8;
    %assign/vec4 v0x125ee0460_0, 0;
    %pushi/vec4 0, 0, 8;
    %assign/vec4 v0x125ee0a70_0, 0;
    %pushi/vec4 0, 0, 8;
    %assign/vec4 v0x125eede70_0, 0;
    %pushi/vec4 0, 0, 32;
    %assign/vec4 v0x125ed7740_0, 0;
    %jmp T_12.1;
T_12.0 ;
    %load/vec4 v0x125eede70_0;
    %assign/vec4 v0x125ee0a70_0, 0;
    %load/vec4 v0x125ee2830_0;
    %assign/vec4 v0x125ee0460_0, 0;
    %load/vec4 v0x125ed5370_0;
    %assign/vec4 v0x125ed7740_0, 0;
T_12.1 ;
    %jmp T_12;
    .thread T_12;
    .scope S_0x125eafbf0;
T_13 ;
    %wait E_0x125eafe40;
    %load/vec4 v0x125edfec0_0;
    %flag_set/vec4 8;
    %jmp/0xz  T_13.0, 8;
    %pushi/vec4 0, 0, 32;
    %assign/vec4 v0x125ee45f0_0, 0;
    %jmp T_13.1;
T_13.0 ;
    %load/vec4 v0x125ee4560_0;
    %load/vec4 v0x125eeafb0_0;
    %pad/s 32;
    %load/vec4 v0x125ee2d40_0;
    %pad/s 32;
    %mul;
    %add;
    %store/vec4 v0x125ee45f0_0, 0, 32;
T_13.1 ;
    %jmp T_13;
    .thread T_13, $push;
    .scope S_0x125eb0700;
T_14 ;
    %wait E_0x125eb40b0;
    %load/vec4 v0x125edbda0_0;
    %flag_set/vec4 8;
    %jmp/0xz  T_14.0, 8;
    %pushi/vec4 0, 0, 8;
    %assign/vec4 v0x125ecc0a0_0, 0;
    %pushi/vec4 0, 0, 8;
    %assign/vec4 v0x125eae620_0, 0;
    %pushi/vec4 0, 0, 8;
    %assign/vec4 v0x125ed3000_0, 0;
    %pushi/vec4 0, 0, 32;
    %assign/vec4 v0x125ec82c0_0, 0;
    %jmp T_14.1;
T_14.0 ;
    %load/vec4 v0x125ed3000_0;
    %assign/vec4 v0x125eae620_0, 0;
    %load/vec4 v0x125ece400_0;
    %assign/vec4 v0x125ecc0a0_0, 0;
    %load/vec4 v0x125ec8350_0;
    %assign/vec4 v0x125ec82c0_0, 0;
T_14.1 ;
    %jmp T_14;
    .thread T_14;
    .scope S_0x125e2ace0;
T_15 ;
    %wait E_0x125eaf330;
    %load/vec4 v0x125e9c3f0_0;
    %flag_set/vec4 8;
    %jmp/0xz  T_15.0, 8;
    %pushi/vec4 0, 0, 32;
    %assign/vec4 v0x125ea2630_0, 0;
    %jmp T_15.1;
T_15.0 ;
    %load/vec4 v0x125ea2590_0;
    %load/vec4 v0x125ecc700_0;
    %pad/s 32;
    %load/vec4 v0x125ea0520_0;
    %pad/s 32;
    %mul;
    %add;
    %store/vec4 v0x125ea2630_0, 0, 32;
T_15.1 ;
    %jmp T_15;
    .thread T_15, $push;
    .scope S_0x125e2ab70;
T_16 ;
    %wait E_0x125eb40b0;
    %load/vec4 v0x125e92170_0;
    %flag_set/vec4 8;
    %jmp/0xz  T_16.0, 8;
    %pushi/vec4 0, 0, 8;
    %assign/vec4 v0x125e9a400_0, 0;
    %pushi/vec4 0, 0, 8;
    %assign/vec4 v0x125e941f0_0, 0;
    %pushi/vec4 0, 0, 8;
    %assign/vec4 v0x125e90180_0, 0;
    %pushi/vec4 0, 0, 32;
    %assign/vec4 v0x125e98380_0, 0;
    %jmp T_16.1;
T_16.0 ;
    %load/vec4 v0x125e90180_0;
    %assign/vec4 v0x125e941f0_0, 0;
    %load/vec4 v0x125e9a370_0;
    %assign/vec4 v0x125e9a400_0, 0;
    %load/vec4 v0x125e96270_0;
    %assign/vec4 v0x125e98380_0, 0;
T_16.1 ;
    %jmp T_16;
    .thread T_16;
    .scope S_0x125e17cb0;
T_17 ;
    %wait E_0x125e8a000;
    %load/vec4 v0x125eb09f0_0;
    %flag_set/vec4 8;
    %jmp/0xz  T_17.0, 8;
    %pushi/vec4 0, 0, 32;
    %assign/vec4 v0x125e85e70_0, 0;
    %jmp T_17.1;
T_17.0 ;
    %load/vec4 v0x125e87f80_0;
    %load/vec4 v0x125e87ef0_0;
    %pad/s 32;
    %load/vec4 v0x125e85f00_0;
    %pad/s 32;
    %mul;
    %add;
    %store/vec4 v0x125e85e70_0, 0, 32;
T_17.1 ;
    %jmp T_17;
    .thread T_17, $push;
    .scope S_0x125e31040;
T_18 ;
    %wait E_0x125eb40b0;
    %load/vec4 v0x125eb8530_0;
    %flag_set/vec4 8;
    %jmp/0xz  T_18.0, 8;
    %pushi/vec4 0, 0, 8;
    %assign/vec4 v0x125eafee0_0, 0;
    %pushi/vec4 0, 0, 8;
    %assign/vec4 v0x125eb90f0_0, 0;
    %pushi/vec4 0, 0, 8;
    %assign/vec4 v0x125eb6e40_0, 0;
    %pushi/vec4 0, 0, 32;
    %assign/vec4 v0x125eaf3d0_0, 0;
    %jmp T_18.1;
T_18.0 ;
    %load/vec4 v0x125eb6e40_0;
    %assign/vec4 v0x125eb90f0_0, 0;
    %load/vec4 v0x125eb0a80_0;
    %assign/vec4 v0x125eafee0_0, 0;
    %load/vec4 v0x125eaf460_0;
    %assign/vec4 v0x125eaf3d0_0, 0;
T_18.1 ;
    %jmp T_18;
    .thread T_18;
    .scope S_0x125e25f10;
T_19 ;
    %wait E_0x125eb4d40;
    %load/vec4 v0x125eb36e0_0;
    %flag_set/vec4 8;
    %jmp/0xz  T_19.0, 8;
    %pushi/vec4 0, 0, 32;
    %assign/vec4 v0x125eb4180_0, 0;
    %jmp T_19.1;
T_19.0 ;
    %load/vec4 v0x125eae8e0_0;
    %load/vec4 v0x125eb4d80_0;
    %pad/s 32;
    %load/vec4 v0x125eb4210_0;
    %pad/s 32;
    %mul;
    %add;
    %store/vec4 v0x125eb4180_0, 0, 32;
T_19.1 ;
    %jmp T_19;
    .thread T_19, $push;
    .scope S_0x125e14380;
T_20 ;
    %wait E_0x125eb40b0;
    %load/vec4 v0x125e11cd0_0;
    %flag_set/vec4 8;
    %jmp/0xz  T_20.0, 8;
    %pushi/vec4 0, 0, 8;
    %assign/vec4 v0x125eb1590_0, 0;
    %pushi/vec4 0, 0, 8;
    %assign/vec4 v0x125e11bb0_0, 0;
    %pushi/vec4 0, 0, 8;
    %assign/vec4 v0x125e11df0_0, 0;
    %pushi/vec4 0, 0, 32;
    %assign/vec4 v0x125eade20_0, 0;
    %jmp T_20.1;
T_20.0 ;
    %load/vec4 v0x125e11df0_0;
    %assign/vec4 v0x125e11bb0_0, 0;
    %load/vec4 v0x125eb1500_0;
    %assign/vec4 v0x125eb1590_0, 0;
    %load/vec4 v0x125e26080_0;
    %assign/vec4 v0x125eade20_0, 0;
T_20.1 ;
    %jmp T_20;
    .thread T_20;
    .scope S_0x125e3f020;
T_21 ;
    %wait E_0x125e079a0;
    %load/vec4 v0x12681c4b0_0;
    %flag_set/vec4 8;
    %jmp/0xz  T_21.0, 8;
    %pushi/vec4 0, 0, 32;
    %assign/vec4 v0x12681c300_0, 0;
    %jmp T_21.1;
T_21.0 ;
    %load/vec4 v0x125e3f250_0;
    %load/vec4 v0x125e3f190_0;
    %pad/s 32;
    %load/vec4 v0x12681c390_0;
    %pad/s 32;
    %mul;
    %add;
    %store/vec4 v0x12681c300_0, 0, 32;
T_21.1 ;
    %jmp T_21;
    .thread T_21, $push;
    .scope S_0x125e076d0;
T_22 ;
    %wait E_0x125eb40b0;
    %load/vec4 v0x12681cb40_0;
    %flag_set/vec4 8;
    %jmp/0xz  T_22.0, 8;
    %pushi/vec4 0, 0, 8;
    %assign/vec4 v0x12681c6a0_0, 0;
    %pushi/vec4 0, 0, 8;
    %assign/vec4 v0x12681ca20_0, 0;
    %pushi/vec4 0, 0, 8;
    %assign/vec4 v0x12681cce0_0, 0;
    %pushi/vec4 0, 0, 32;
    %assign/vec4 v0x12681c800_0, 0;
    %jmp T_22.1;
T_22.0 ;
    %load/vec4 v0x12681cce0_0;
    %assign/vec4 v0x12681ca20_0, 0;
    %load/vec4 v0x12681c5d0_0;
    %assign/vec4 v0x12681c6a0_0, 0;
    %load/vec4 v0x12681c8a0_0;
    %assign/vec4 v0x12681c800_0, 0;
T_22.1 ;
    %jmp T_22;
    .thread T_22;
    .scope S_0x12681d350;
T_23 ;
    %wait E_0x12681d5e0;
    %load/vec4 v0x12681da00_0;
    %flag_set/vec4 8;
    %jmp/0xz  T_23.0, 8;
    %pushi/vec4 0, 0, 32;
    %assign/vec4 v0x12681d7d0_0, 0;
    %jmp T_23.1;
T_23.0 ;
    %load/vec4 v0x12681d720_0;
    %load/vec4 v0x12681d650_0;
    %pad/s 32;
    %load/vec4 v0x12681d880_0;
    %pad/s 32;
    %mul;
    %add;
    %store/vec4 v0x12681d7d0_0, 0, 32;
T_23.1 ;
    %jmp T_23;
    .thread T_23, $push;
    .scope S_0x12681d060;
T_24 ;
    %wait E_0x125eb40b0;
    %load/vec4 v0x12681e090_0;
    %flag_set/vec4 8;
    %jmp/0xz  T_24.0, 8;
    %pushi/vec4 0, 0, 8;
    %assign/vec4 v0x12681dbf0_0, 0;
    %pushi/vec4 0, 0, 8;
    %assign/vec4 v0x12681df70_0, 0;
    %pushi/vec4 0, 0, 8;
    %assign/vec4 v0x12681e230_0, 0;
    %pushi/vec4 0, 0, 32;
    %assign/vec4 v0x12681dd50_0, 0;
    %jmp T_24.1;
T_24.0 ;
    %load/vec4 v0x12681e230_0;
    %assign/vec4 v0x12681df70_0, 0;
    %load/vec4 v0x12681db20_0;
    %assign/vec4 v0x12681dbf0_0, 0;
    %load/vec4 v0x12681ddf0_0;
    %assign/vec4 v0x12681dd50_0, 0;
T_24.1 ;
    %jmp T_24;
    .thread T_24;
    .scope S_0x12681e8a0;
T_25 ;
    %wait E_0x12681eb20;
    %load/vec4 v0x12681ef40_0;
    %flag_set/vec4 8;
    %jmp/0xz  T_25.0, 8;
    %pushi/vec4 0, 0, 32;
    %assign/vec4 v0x12681ed10_0, 0;
    %jmp T_25.1;
T_25.0 ;
    %load/vec4 v0x12681ec60_0;
    %load/vec4 v0x12681eb90_0;
    %pad/s 32;
    %load/vec4 v0x12681edc0_0;
    %pad/s 32;
    %mul;
    %add;
    %store/vec4 v0x12681ed10_0, 0, 32;
T_25.1 ;
    %jmp T_25;
    .thread T_25, $push;
    .scope S_0x12681e5b0;
T_26 ;
    %wait E_0x125eb40b0;
    %load/vec4 v0x12681f5d0_0;
    %flag_set/vec4 8;
    %jmp/0xz  T_26.0, 8;
    %pushi/vec4 0, 0, 8;
    %assign/vec4 v0x12681f130_0, 0;
    %pushi/vec4 0, 0, 8;
    %assign/vec4 v0x12681f4b0_0, 0;
    %pushi/vec4 0, 0, 8;
    %assign/vec4 v0x12681f770_0, 0;
    %pushi/vec4 0, 0, 32;
    %assign/vec4 v0x12681f290_0, 0;
    %jmp T_26.1;
T_26.0 ;
    %load/vec4 v0x12681f770_0;
    %assign/vec4 v0x12681f4b0_0, 0;
    %load/vec4 v0x12681f060_0;
    %assign/vec4 v0x12681f130_0, 0;
    %load/vec4 v0x12681f330_0;
    %assign/vec4 v0x12681f290_0, 0;
T_26.1 ;
    %jmp T_26;
    .thread T_26;
    .scope S_0x126820040;
T_27 ;
    %wait E_0x1268202d0;
    %load/vec4 v0x125eb2b20_0;
    %flag_set/vec4 8;
    %jmp/0xz  T_27.0, 8;
    %pushi/vec4 0, 0, 32;
    %assign/vec4 v0x1268204c0_0, 0;
    %jmp T_27.1;
T_27.0 ;
    %load/vec4 v0x126820400_0;
    %load/vec4 v0x126820340_0;
    %pad/s 32;
    %load/vec4 v0x126820570_0;
    %pad/s 32;
    %mul;
    %add;
    %store/vec4 v0x1268204c0_0, 0, 32;
T_27.1 ;
    %jmp T_27;
    .thread T_27, $push;
    .scope S_0x12681fd50;
T_28 ;
    %wait E_0x125eb40b0;
    %load/vec4 v0x126820f70_0;
    %flag_set/vec4 8;
    %jmp/0xz  T_28.0, 8;
    %pushi/vec4 0, 0, 8;
    %assign/vec4 v0x126820af0_0, 0;
    %pushi/vec4 0, 0, 8;
    %assign/vec4 v0x126820e40_0, 0;
    %pushi/vec4 0, 0, 8;
    %assign/vec4 v0x126821210_0, 0;
    %pushi/vec4 0, 0, 32;
    %assign/vec4 v0x126820c50_0, 0;
    %jmp T_28.1;
T_28.0 ;
    %load/vec4 v0x126821210_0;
    %assign/vec4 v0x126820e40_0, 0;
    %load/vec4 v0x125eb2030_0;
    %assign/vec4 v0x126820af0_0, 0;
    %load/vec4 v0x126820ce0_0;
    %assign/vec4 v0x126820c50_0, 0;
T_28.1 ;
    %jmp T_28;
    .thread T_28;
    .scope S_0x126821800;
T_29 ;
    %wait E_0x126821a80;
    %load/vec4 v0x126821ea0_0;
    %flag_set/vec4 8;
    %jmp/0xz  T_29.0, 8;
    %pushi/vec4 0, 0, 32;
    %assign/vec4 v0x126821c70_0, 0;
    %jmp T_29.1;
T_29.0 ;
    %load/vec4 v0x126821bc0_0;
    %load/vec4 v0x126821af0_0;
    %pad/s 32;
    %load/vec4 v0x126821d20_0;
    %pad/s 32;
    %mul;
    %add;
    %store/vec4 v0x126821c70_0, 0, 32;
T_29.1 ;
    %jmp T_29;
    .thread T_29, $push;
    .scope S_0x126821510;
T_30 ;
    %wait E_0x125eb40b0;
    %load/vec4 v0x126822530_0;
    %flag_set/vec4 8;
    %jmp/0xz  T_30.0, 8;
    %pushi/vec4 0, 0, 8;
    %assign/vec4 v0x126822090_0, 0;
    %pushi/vec4 0, 0, 8;
    %assign/vec4 v0x126822410_0, 0;
    %pushi/vec4 0, 0, 8;
    %assign/vec4 v0x1268226d0_0, 0;
    %pushi/vec4 0, 0, 32;
    %assign/vec4 v0x1268221f0_0, 0;
    %jmp T_30.1;
T_30.0 ;
    %load/vec4 v0x1268226d0_0;
    %assign/vec4 v0x126822410_0, 0;
    %load/vec4 v0x126821fc0_0;
    %assign/vec4 v0x126822090_0, 0;
    %load/vec4 v0x126822290_0;
    %assign/vec4 v0x1268221f0_0, 0;
T_30.1 ;
    %jmp T_30;
    .thread T_30;
    .scope S_0x126822d40;
T_31 ;
    %wait E_0x126822fd0;
    %load/vec4 v0x1268233f0_0;
    %flag_set/vec4 8;
    %jmp/0xz  T_31.0, 8;
    %pushi/vec4 0, 0, 32;
    %assign/vec4 v0x1268231c0_0, 0;
    %jmp T_31.1;
T_31.0 ;
    %load/vec4 v0x126823110_0;
    %load/vec4 v0x126823040_0;
    %pad/s 32;
    %load/vec4 v0x126823270_0;
    %pad/s 32;
    %mul;
    %add;
    %store/vec4 v0x1268231c0_0, 0, 32;
T_31.1 ;
    %jmp T_31;
    .thread T_31, $push;
    .scope S_0x126822a50;
T_32 ;
    %wait E_0x125eb40b0;
    %load/vec4 v0x126823a80_0;
    %flag_set/vec4 8;
    %jmp/0xz  T_32.0, 8;
    %pushi/vec4 0, 0, 8;
    %assign/vec4 v0x1268235e0_0, 0;
    %pushi/vec4 0, 0, 8;
    %assign/vec4 v0x126823960_0, 0;
    %pushi/vec4 0, 0, 8;
    %assign/vec4 v0x126823c20_0, 0;
    %pushi/vec4 0, 0, 32;
    %assign/vec4 v0x126823740_0, 0;
    %jmp T_32.1;
T_32.0 ;
    %load/vec4 v0x126823c20_0;
    %assign/vec4 v0x126823960_0, 0;
    %load/vec4 v0x126823510_0;
    %assign/vec4 v0x1268235e0_0, 0;
    %load/vec4 v0x1268237e0_0;
    %assign/vec4 v0x126823740_0, 0;
T_32.1 ;
    %jmp T_32;
    .thread T_32;
    .scope S_0x126824290;
T_33 ;
    %wait E_0x126824510;
    %load/vec4 v0x126824930_0;
    %flag_set/vec4 8;
    %jmp/0xz  T_33.0, 8;
    %pushi/vec4 0, 0, 32;
    %assign/vec4 v0x126824700_0, 0;
    %jmp T_33.1;
T_33.0 ;
    %load/vec4 v0x126824650_0;
    %load/vec4 v0x126824580_0;
    %pad/s 32;
    %load/vec4 v0x1268247b0_0;
    %pad/s 32;
    %mul;
    %add;
    %store/vec4 v0x126824700_0, 0, 32;
T_33.1 ;
    %jmp T_33;
    .thread T_33, $push;
    .scope S_0x126823fa0;
T_34 ;
    %wait E_0x125eb40b0;
    %load/vec4 v0x126824fc0_0;
    %flag_set/vec4 8;
    %jmp/0xz  T_34.0, 8;
    %pushi/vec4 0, 0, 8;
    %assign/vec4 v0x126824b20_0, 0;
    %pushi/vec4 0, 0, 8;
    %assign/vec4 v0x126824ea0_0, 0;
    %pushi/vec4 0, 0, 8;
    %assign/vec4 v0x126825160_0, 0;
    %pushi/vec4 0, 0, 32;
    %assign/vec4 v0x126824c80_0, 0;
    %jmp T_34.1;
T_34.0 ;
    %load/vec4 v0x126825160_0;
    %assign/vec4 v0x126824ea0_0, 0;
    %load/vec4 v0x126824a50_0;
    %assign/vec4 v0x126824b20_0, 0;
    %load/vec4 v0x126824d20_0;
    %assign/vec4 v0x126824c80_0, 0;
T_34.1 ;
    %jmp T_34;
    .thread T_34;
    .scope S_0x126825a30;
T_35 ;
    %wait E_0x126825cc0;
    %load/vec4 v0x1268260e0_0;
    %flag_set/vec4 8;
    %jmp/0xz  T_35.0, 8;
    %pushi/vec4 0, 0, 32;
    %assign/vec4 v0x126825eb0_0, 0;
    %jmp T_35.1;
T_35.0 ;
    %load/vec4 v0x126825df0_0;
    %load/vec4 v0x126825d30_0;
    %pad/s 32;
    %load/vec4 v0x126825f60_0;
    %pad/s 32;
    %mul;
    %add;
    %store/vec4 v0x126825eb0_0, 0, 32;
T_35.1 ;
    %jmp T_35;
    .thread T_35, $push;
    .scope S_0x126825740;
T_36 ;
    %wait E_0x125eb40b0;
    %load/vec4 v0x126826760_0;
    %flag_set/vec4 8;
    %jmp/0xz  T_36.0, 8;
    %pushi/vec4 0, 0, 8;
    %assign/vec4 v0x1268262b0_0, 0;
    %pushi/vec4 0, 0, 8;
    %assign/vec4 v0x126826640_0, 0;
    %pushi/vec4 0, 0, 8;
    %assign/vec4 v0x126826900_0, 0;
    %pushi/vec4 0, 0, 32;
    %assign/vec4 v0x126826410_0, 0;
    %jmp T_36.1;
T_36.0 ;
    %load/vec4 v0x126826900_0;
    %assign/vec4 v0x126826640_0, 0;
    %load/vec4 v0x126826200_0;
    %assign/vec4 v0x1268262b0_0, 0;
    %load/vec4 v0x1268264c0_0;
    %assign/vec4 v0x126826410_0, 0;
T_36.1 ;
    %jmp T_36;
    .thread T_36;
    .scope S_0x126826f70;
T_37 ;
    %wait E_0x1268271f0;
    %load/vec4 v0x126827610_0;
    %flag_set/vec4 8;
    %jmp/0xz  T_37.0, 8;
    %pushi/vec4 0, 0, 32;
    %assign/vec4 v0x1268273e0_0, 0;
    %jmp T_37.1;
T_37.0 ;
    %load/vec4 v0x126827330_0;
    %load/vec4 v0x126827260_0;
    %pad/s 32;
    %load/vec4 v0x126827490_0;
    %pad/s 32;
    %mul;
    %add;
    %store/vec4 v0x1268273e0_0, 0, 32;
T_37.1 ;
    %jmp T_37;
    .thread T_37, $push;
    .scope S_0x126826c80;
T_38 ;
    %wait E_0x125eb40b0;
    %load/vec4 v0x126827ca0_0;
    %flag_set/vec4 8;
    %jmp/0xz  T_38.0, 8;
    %pushi/vec4 0, 0, 8;
    %assign/vec4 v0x126827800_0, 0;
    %pushi/vec4 0, 0, 8;
    %assign/vec4 v0x126827b80_0, 0;
    %pushi/vec4 0, 0, 8;
    %assign/vec4 v0x126827e40_0, 0;
    %pushi/vec4 0, 0, 32;
    %assign/vec4 v0x126827960_0, 0;
    %jmp T_38.1;
T_38.0 ;
    %load/vec4 v0x126827e40_0;
    %assign/vec4 v0x126827b80_0, 0;
    %load/vec4 v0x126827730_0;
    %assign/vec4 v0x126827800_0, 0;
    %load/vec4 v0x126827a00_0;
    %assign/vec4 v0x126827960_0, 0;
T_38.1 ;
    %jmp T_38;
    .thread T_38;
    .scope S_0x1268284b0;
T_39 ;
    %wait E_0x126828740;
    %load/vec4 v0x126828b60_0;
    %flag_set/vec4 8;
    %jmp/0xz  T_39.0, 8;
    %pushi/vec4 0, 0, 32;
    %assign/vec4 v0x126828930_0, 0;
    %jmp T_39.1;
T_39.0 ;
    %load/vec4 v0x126828880_0;
    %load/vec4 v0x1268287b0_0;
    %pad/s 32;
    %load/vec4 v0x1268289e0_0;
    %pad/s 32;
    %mul;
    %add;
    %store/vec4 v0x126828930_0, 0, 32;
T_39.1 ;
    %jmp T_39;
    .thread T_39, $push;
    .scope S_0x1268281c0;
T_40 ;
    %wait E_0x125eb40b0;
    %load/vec4 v0x1268291f0_0;
    %flag_set/vec4 8;
    %jmp/0xz  T_40.0, 8;
    %pushi/vec4 0, 0, 8;
    %assign/vec4 v0x126828d50_0, 0;
    %pushi/vec4 0, 0, 8;
    %assign/vec4 v0x1268290d0_0, 0;
    %pushi/vec4 0, 0, 8;
    %assign/vec4 v0x126829390_0, 0;
    %pushi/vec4 0, 0, 32;
    %assign/vec4 v0x126828eb0_0, 0;
    %jmp T_40.1;
T_40.0 ;
    %load/vec4 v0x126829390_0;
    %assign/vec4 v0x1268290d0_0, 0;
    %load/vec4 v0x126828c80_0;
    %assign/vec4 v0x126828d50_0, 0;
    %load/vec4 v0x126828f50_0;
    %assign/vec4 v0x126828eb0_0, 0;
T_40.1 ;
    %jmp T_40;
    .thread T_40;
    .scope S_0x126829a00;
T_41 ;
    %wait E_0x126829c80;
    %load/vec4 v0x12682a0a0_0;
    %flag_set/vec4 8;
    %jmp/0xz  T_41.0, 8;
    %pushi/vec4 0, 0, 32;
    %assign/vec4 v0x126829e70_0, 0;
    %jmp T_41.1;
T_41.0 ;
    %load/vec4 v0x126829dc0_0;
    %load/vec4 v0x126829cf0_0;
    %pad/s 32;
    %load/vec4 v0x126829f20_0;
    %pad/s 32;
    %mul;
    %add;
    %store/vec4 v0x126829e70_0, 0, 32;
T_41.1 ;
    %jmp T_41;
    .thread T_41, $push;
    .scope S_0x126829710;
T_42 ;
    %wait E_0x125eb40b0;
    %load/vec4 v0x12682a730_0;
    %flag_set/vec4 8;
    %jmp/0xz  T_42.0, 8;
    %pushi/vec4 0, 0, 8;
    %assign/vec4 v0x12682a290_0, 0;
    %pushi/vec4 0, 0, 8;
    %assign/vec4 v0x12682a610_0, 0;
    %pushi/vec4 0, 0, 8;
    %assign/vec4 v0x12682a8d0_0, 0;
    %pushi/vec4 0, 0, 32;
    %assign/vec4 v0x12682a3f0_0, 0;
    %jmp T_42.1;
T_42.0 ;
    %load/vec4 v0x12682a8d0_0;
    %assign/vec4 v0x12682a610_0, 0;
    %load/vec4 v0x12682a1c0_0;
    %assign/vec4 v0x12682a290_0, 0;
    %load/vec4 v0x12682a490_0;
    %assign/vec4 v0x12682a3f0_0, 0;
T_42.1 ;
    %jmp T_42;
    .thread T_42;
    .scope S_0x125eb81c0;
T_43 ;
    %wait E_0x125eb40b0;
    %load/vec4 v0x12682c020_0;
    %flag_set/vec4 8;
    %jmp/0xz  T_43.0, 8;
    %pushi/vec4 0, 0, 3;
    %assign/vec4 v0x126820780_0, 0;
    %pushi/vec4 0, 0, 1;
    %assign/vec4 v0x1268206f0_0, 0;
    %pushi/vec4 0, 0, 1;
    %assign/vec4 v0x126820810_0, 0;
    %jmp T_43.1;
T_43.0 ;
    %load/vec4 v0x1268208a0_0;
    %flag_set/vec4 9;
    %flag_get/vec4 9;
    %jmp/0 T_43.4, 9;
    %load/vec4 v0x1268206f0_0;
    %nor/r;
    %and;
T_43.4;
    %flag_set/vec4 8;
    %jmp/0xz  T_43.2, 8;
    %pushi/vec4 1, 0, 1;
    %assign/vec4 v0x1268206f0_0, 0;
    %pushi/vec4 0, 0, 3;
    %assign/vec4 v0x126820780_0, 0;
    %pushi/vec4 0, 0, 1;
    %assign/vec4 v0x126820810_0, 0;
    %jmp T_43.3;
T_43.2 ;
    %load/vec4 v0x1268206f0_0;
    %flag_set/vec4 8;
    %jmp/0xz  T_43.5, 8;
    %load/vec4 v0x126820780_0;
    %pad/u 32;
    %cmpi/e 3, 0, 32;
    %jmp/0xz  T_43.7, 4;
    %pushi/vec4 0, 0, 1;
    %assign/vec4 v0x1268206f0_0, 0;
    %pushi/vec4 1, 0, 1;
    %assign/vec4 v0x126820810_0, 0;
    %jmp T_43.8;
T_43.7 ;
    %load/vec4 v0x126820780_0;
    %addi 1, 0, 3;
    %assign/vec4 v0x126820780_0, 0;
    %pushi/vec4 0, 0, 1;
    %assign/vec4 v0x126820810_0, 0;
T_43.8 ;
    %jmp T_43.6;
T_43.5 ;
    %pushi/vec4 0, 0, 1;
    %assign/vec4 v0x126820810_0, 0;
T_43.6 ;
T_43.3 ;
T_43.1 ;
    %jmp T_43;
    .thread T_43;
    .scope S_0x12682e140;
T_44 ;
    %pushi/vec4 0, 0, 32;
    %ix/load 4, 0, 0;
    %flag_set/imm 4, 0;
    %store/vec4a v0x12682e630, 4, 0;
    %pushi/vec4 0, 0, 32;
    %ix/load 4, 1, 0;
    %flag_set/imm 4, 0;
    %store/vec4a v0x12682e630, 4, 0;
    %pushi/vec4 0, 0, 32;
    %ix/load 4, 2, 0;
    %flag_set/imm 4, 0;
    %store/vec4a v0x12682e630, 4, 0;
    %pushi/vec4 0, 0, 32;
    %ix/load 4, 3, 0;
    %flag_set/imm 4, 0;
    %store/vec4a v0x12682e630, 4, 0;
    %end;
    .thread T_44;
    .scope S_0x12682e140;
T_45 ;
    %wait E_0x125eeb780;
    %load/vec4 v0x12682ec60_0;
    %flag_set/vec4 8;
    %jmp/0xz  T_45.0, 8;
    %pushi/vec4 0, 0, 1;
    %assign/vec4 v0x12682ebc0_0, 0;
    %jmp T_45.1;
T_45.0 ;
    %load/vec4 v0x12682ea50_0;
    %flag_set/vec4 8;
    %jmp/0xz  T_45.2, 8;
    %pushi/vec4 1, 0, 1;
    %assign/vec4 v0x12682ebc0_0, 0;
    %fork t_19, S_0x12682e3a0;
    %jmp t_18;
    .scope S_0x12682e3a0;
t_19 ;
    %pushi/vec4 0, 0, 32;
    %store/vec4 v0x12682e570_0, 0, 32;
T_45.4 ;
    %load/vec4 v0x12682e570_0;
    %cmpi/s 4, 0, 32;
    %jmp/0xz T_45.5, 5;
    %ix/getv/s 4, v0x12682e570_0;
    %load/vec4a v0x12682e840, 4;
    %ix/getv/s 4, v0x12682e570_0;
    %load/vec4a v0x12682e630, 4;
    %add;
    %store/vec4 v0x12682e6e0_0, 0, 32;
    %load/vec4 v0x12682e6e0_0;
    %parti/s 1, 31, 6;
    %pad/u 32;
    %cmpi/e 0, 0, 32;
    %flag_mov 8, 4;
    %jmp/0 T_45.6, 8;
    %load/vec4 v0x12682e6e0_0;
    %jmp/1 T_45.7, 8;
T_45.6 ; End of true expr.
    %pushi/vec4 0, 0, 32;
    %jmp/0 T_45.7, 8;
 ; End of false expr.
    %blend;
T_45.7;
    %ix/getv/s 3, v0x12682e570_0;
    %ix/load 4, 0, 0; Constant delay
    %assign/vec4/a/d v0x12682e930, 0, 4;
    ; show_stmt_assign_vector: Get l-value for compressed += operand
    %load/vec4 v0x12682e570_0;
    %pushi/vec4 1, 0, 32;
    %add;
    %cast2;
    %store/vec4 v0x12682e570_0, 0, 32;
    %jmp T_45.4;
T_45.5 ;
    %end;
    .scope S_0x12682e140;
t_18 %join;
    %jmp T_45.3;
T_45.2 ;
    %load/vec4 v0x12682ebc0_0;
    %flag_set/vec4 9;
    %flag_get/vec4 9;
    %jmp/0 T_45.10, 9;
    %load/vec4 v0x12682eb20_0;
    %and;
T_45.10;
    %flag_set/vec4 8;
    %jmp/0xz  T_45.8, 8;
    %pushi/vec4 0, 0, 1;
    %assign/vec4 v0x12682ebc0_0, 0;
T_45.8 ;
T_45.3 ;
T_45.1 ;
    %jmp T_45;
    .thread T_45;
    .scope S_0x12682c2b0;
T_46 ;
    %wait E_0x12682c660;
    %pushi/vec4 0, 0, 1;
    %store/vec4 v0x12682ce80_0, 0, 1;
    %pushi/vec4 0, 0, 1;
    %store/vec4 v0x12682cdf0_0, 0, 1;
    %pushi/vec4 0, 0, 1;
    %store/vec4 v0x12682d030_0, 0, 1;
    %pushi/vec4 0, 0, 1;
    %store/vec4 v0x12682cbc0_0, 0, 1;
    %pushi/vec4 0, 0, 1;
    %store/vec4 v0x12682d150_0, 0, 1;
    %load/vec4 v0x12682d0c0_0;
    %store/vec4 v0x12682cf10_0, 0, 3;
    %load/vec4 v0x12682d0c0_0;
    %dup/vec4;
    %pushi/vec4 0, 0, 3;
    %cmp/u;
    %jmp/1 T_46.0, 6;
    %dup/vec4;
    %pushi/vec4 1, 0, 3;
    %cmp/u;
    %jmp/1 T_46.1, 6;
    %dup/vec4;
    %pushi/vec4 2, 0, 3;
    %cmp/u;
    %jmp/1 T_46.2, 6;
    %dup/vec4;
    %pushi/vec4 3, 0, 3;
    %cmp/u;
    %jmp/1 T_46.3, 6;
    %dup/vec4;
    %pushi/vec4 4, 0, 3;
    %cmp/u;
    %jmp/1 T_46.4, 6;
    %dup/vec4;
    %pushi/vec4 5, 0, 3;
    %cmp/u;
    %jmp/1 T_46.5, 6;
    %dup/vec4;
    %pushi/vec4 6, 0, 3;
    %cmp/u;
    %jmp/1 T_46.6, 6;
    %pushi/vec4 0, 0, 3;
    %store/vec4 v0x12682cf10_0, 0, 3;
    %jmp T_46.8;
T_46.0 ;
    %pushi/vec4 1, 0, 3;
    %store/vec4 v0x12682cf10_0, 0, 3;
    %jmp T_46.8;
T_46.1 ;
    %pushi/vec4 1, 0, 1;
    %store/vec4 v0x12682ce80_0, 0, 1;
    %load/vec4 v0x12682cce0_0;
    %flag_set/vec4 8;
    %jmp/0xz  T_46.9, 8;
    %pushi/vec4 2, 0, 3;
    %store/vec4 v0x12682cf10_0, 0, 3;
T_46.9 ;
    %jmp T_46.8;
T_46.2 ;
    %pushi/vec4 1, 0, 1;
    %store/vec4 v0x12682cdf0_0, 0, 1;
    %pushi/vec4 1, 0, 1;
    %store/vec4 v0x12682d150_0, 0, 1;
    %load/vec4 v0x12682cb30_0;
    %flag_set/vec4 8;
    %jmp/0xz  T_46.11, 8;
    %pushi/vec4 3, 0, 3;
    %store/vec4 v0x12682cf10_0, 0, 3;
T_46.11 ;
    %jmp T_46.8;
T_46.3 ;
    %pushi/vec4 1, 0, 1;
    %store/vec4 v0x12682d030_0, 0, 1;
    %pushi/vec4 1, 0, 1;
    %store/vec4 v0x12682cbc0_0, 0, 1;
    %pushi/vec4 1, 0, 1;
    %store/vec4 v0x12682d150_0, 0, 1;
    %load/vec4 v0x12682c9d0_0;
    %pad/u 32;
    %cmpi/u 2, 0, 32;
    %jmp/0xz  T_46.13, 5;
    %pushi/vec4 1, 0, 1;
    %store/vec4 v0x12682ce80_0, 0, 1;
T_46.13 ;
    %load/vec4 v0x12682ca60_0;
    %flag_set/vec4 8;
    %jmp/0xz  T_46.15, 8;
    %pushi/vec4 4, 0, 3;
    %store/vec4 v0x12682cf10_0, 0, 3;
T_46.15 ;
    %jmp T_46.8;
T_46.4 ;
    %pushi/vec4 1, 0, 1;
    %store/vec4 v0x12682d150_0, 0, 1;
    %load/vec4 v0x12682c9d0_0;
    %pad/u 32;
    %cmpi/u 2, 0, 32;
    %jmp/0xz  T_46.17, 5;
    %pushi/vec4 1, 0, 1;
    %store/vec4 v0x12682ce80_0, 0, 1;
T_46.17 ;
    %load/vec4 v0x12682c9d0_0;
    %pad/u 32;
    %cmpi/e 2, 0, 32;
    %jmp/1 T_46.21, 4;
    %flag_mov 8, 4;
    %load/vec4 v0x12682c820_0;
    %flag_set/vec4 9;
    %flag_or 9, 8;
    %flag_mov 4, 9;
T_46.21;
    %jmp/0xz  T_46.19, 4;
    %pushi/vec4 5, 0, 3;
    %store/vec4 v0x12682cf10_0, 0, 3;
T_46.19 ;
    %jmp T_46.8;
T_46.5 ;
    %pushi/vec4 6, 0, 3;
    %store/vec4 v0x12682cf10_0, 0, 3;
    %jmp T_46.8;
T_46.6 ;
    %load/vec4 v0x12682c9d0_0;
    %pad/u 32;
    %cmpi/e 2, 0, 32;
    %jmp/0xz  T_46.22, 4;
    %pushi/vec4 0, 0, 3;
    %store/vec4 v0x12682cf10_0, 0, 3;
    %jmp T_46.23;
T_46.22 ;
    %pushi/vec4 2, 0, 3;
    %store/vec4 v0x12682cf10_0, 0, 3;
T_46.23 ;
    %jmp T_46.8;
T_46.8 ;
    %pop/vec4 1;
    %jmp T_46;
    .thread T_46, $push;
    .scope S_0x12682c2b0;
T_47 ;
    %wait E_0x125eeb780;
    %load/vec4 v0x12682cfa0_0;
    %flag_set/vec4 8;
    %jmp/0xz  T_47.0, 8;
    %pushi/vec4 0, 0, 3;
    %assign/vec4 v0x12682d0c0_0, 0;
    %pushi/vec4 0, 0, 1;
    %assign/vec4 v0x12682c8b0_0, 0;
    %pushi/vec4 0, 0, 2;
    %assign/vec4 v0x12682c9d0_0, 0;
    %pushi/vec4 0, 0, 1;
    %assign/vec4 v0x12682c820_0, 0;
    %pushi/vec4 0, 0, 1;
    %assign/vec4 v0x12682cc50_0, 0;
    %jmp T_47.1;
T_47.0 ;
    %load/vec4 v0x12682cf10_0;
    %assign/vec4 v0x12682d0c0_0, 0;
    %load/vec4 v0x12682d0c0_0;
    %cmpi/e 4, 0, 3;
    %flag_get/vec4 4;
    %jmp/0 T_47.5, 4;
    %load/vec4 v0x12682cce0_0;
    %and;
T_47.5;
    %flag_set/vec4 9;
    %flag_get/vec4 9;
    %jmp/0 T_47.4, 9;
    %load/vec4 v0x12682c9d0_0;
    %pad/u 32;
    %cmpi/u 2, 0, 32;
    %flag_get/vec4 5;
    %and;
T_47.4;
    %flag_set/vec4 8;
    %jmp/0xz  T_47.2, 8;
    %pushi/vec4 1, 0, 1;
    %assign/vec4 v0x12682c820_0, 0;
T_47.2 ;
    %load/vec4 v0x12682d0c0_0;
    %cmpi/e 6, 0, 3;
    %jmp/0xz  T_47.6, 4;
    %pushi/vec4 0, 0, 1;
    %assign/vec4 v0x12682c820_0, 0;
T_47.6 ;
    %load/vec4 v0x12682d0c0_0;
    %cmpi/e 6, 0, 3;
    %jmp/0xz  T_47.8, 4;
    %load/vec4 v0x12682c8b0_0;
    %inv;
    %assign/vec4 v0x12682c8b0_0, 0;
    %load/vec4 v0x12682c9d0_0;
    %pad/u 32;
    %cmpi/e 2, 0, 32;
    %jmp/0xz  T_47.10, 4;
    %pushi/vec4 0, 0, 2;
    %assign/vec4 v0x12682c9d0_0, 0;
    %jmp T_47.11;
T_47.10 ;
    %load/vec4 v0x12682c9d0_0;
    %addi 1, 0, 2;
    %assign/vec4 v0x12682c9d0_0, 0;
T_47.11 ;
T_47.8 ;
    %load/vec4 v0x12682d0c0_0;
    %cmpi/e 1, 0, 3;
    %flag_get/vec4 4;
    %jmp/0 T_47.14, 4;
    %load/vec4 v0x12682cce0_0;
    %and;
T_47.14;
    %flag_set/vec4 8;
    %jmp/0xz  T_47.12, 8;
    %load/vec4 v0x12682cc50_0;
    %inv;
    %assign/vec4 v0x12682cc50_0, 0;
    %jmp T_47.13;
T_47.12 ;
    %load/vec4 v0x12682d0c0_0;
    %cmpi/e 6, 0, 3;
    %jmp/0xz  T_47.15, 4;
    %load/vec4 v0x12682cc50_0;
    %inv;
    %assign/vec4 v0x12682cc50_0, 0;
T_47.15 ;
T_47.13 ;
T_47.1 ;
    %jmp T_47;
    .thread T_47;
    .scope S_0x125eefa70;
T_48 ;
    %wait E_0x125eeb780;
    %load/vec4 v0x1268333e0_0;
    %flag_set/vec4 8;
    %jmp/0xz  T_48.0, 8;
    %pushi/vec4 0, 0, 1;
    %assign/vec4 v0x126833540_0, 0;
    %pushi/vec4 0, 0, 1;
    %assign/vec4 v0x126832920_0, 0;
    %pushi/vec4 0, 0, 1;
    %assign/vec4 v0x126832770_0, 0;
    %pushi/vec4 0, 0, 2;
    %assign/vec4 v0x126832800_0, 0;
    %pushi/vec4 0, 0, 8;
    %ix/load 3, 0, 0;
    %flag_set/imm 4, 0;
    %ix/load 4, 0, 0; Constant delay
    %assign/vec4/a/d v0x126832890, 0, 4;
    %pushi/vec4 0, 0, 8;
    %ix/load 3, 1, 0;
    %flag_set/imm 4, 0;
    %ix/load 4, 0, 0; Constant delay
    %assign/vec4/a/d v0x126832890, 0, 4;
    %pushi/vec4 0, 0, 8;
    %ix/load 3, 2, 0;
    %flag_set/imm 4, 0;
    %ix/load 4, 0, 0; Constant delay
    %assign/vec4/a/d v0x126832890, 0, 4;
    %pushi/vec4 0, 0, 8;
    %ix/load 3, 3, 0;
    %flag_set/imm 4, 0;
    %ix/load 4, 0, 0; Constant delay
    %assign/vec4/a/d v0x126832890, 0, 4;
    %jmp T_48.1;
T_48.0 ;
    %load/vec4 v0x126833250_0;
    %flag_set/vec4 10;
    %flag_get/vec4 10;
    %jmp/0 T_48.5, 10;
    %load/vec4 v0x126832770_0;
    %nor/r;
    %and;
T_48.5;
    %flag_set/vec4 9;
    %flag_get/vec4 9;
    %jmp/0 T_48.4, 9;
    %load/vec4 v0x12682c9d0_0;
    %pushi/vec4 2, 0, 2;
    %cmp/ne;
    %flag_get/vec4 4;
    %and;
T_48.4;
    %flag_set/vec4 8;
    %jmp/0xz  T_48.2, 8;
    %ix/load 4, 0, 0;
    %flag_set/imm 4, 0;
    %load/vec4a v0x1268330d0, 4;
    %parti/s 8, 0, 2;
    %ix/load 3, 0, 0;
    %flag_set/imm 4, 0;
    %ix/load 4, 0, 0; Constant delay
    %assign/vec4/a/d v0x126832890, 0, 4;
    %ix/load 4, 1, 0;
    %flag_set/imm 4, 0;
    %load/vec4a v0x1268330d0, 4;
    %parti/s 8, 0, 2;
    %ix/load 3, 1, 0;
    %flag_set/imm 4, 0;
    %ix/load 4, 0, 0; Constant delay
    %assign/vec4/a/d v0x126832890, 0, 4;
    %ix/load 4, 2, 0;
    %flag_set/imm 4, 0;
    %load/vec4a v0x1268330d0, 4;
    %parti/s 8, 0, 2;
    %ix/load 3, 2, 0;
    %flag_set/imm 4, 0;
    %ix/load 4, 0, 0; Constant delay
    %assign/vec4/a/d v0x126832890, 0, 4;
    %ix/load 4, 3, 0;
    %flag_set/imm 4, 0;
    %load/vec4a v0x1268330d0, 4;
    %parti/s 8, 0, 2;
    %ix/load 3, 3, 0;
    %flag_set/imm 4, 0;
    %ix/load 4, 0, 0; Constant delay
    %assign/vec4/a/d v0x126832890, 0, 4;
    %pushi/vec4 1, 0, 1;
    %assign/vec4 v0x126833540_0, 0;
    %pushi/vec4 0, 0, 1;
    %assign/vec4 v0x126832920_0, 0;
    %pushi/vec4 0, 0, 1;
    %assign/vec4 v0x126832770_0, 0;
    %pushi/vec4 0, 0, 2;
    %assign/vec4 v0x126832800_0, 0;
    %jmp T_48.3;
T_48.2 ;
    %load/vec4 v0x126833540_0;
    %flag_set/vec4 10;
    %flag_get/vec4 10;
    %jmp/0 T_48.9, 10;
    %load/vec4 v0x126832770_0;
    %nor/r;
    %and;
T_48.9;
    %flag_set/vec4 9;
    %flag_get/vec4 9;
    %jmp/0 T_48.8, 9;
    %load/vec4 v0x126832ee0_0;
    %and;
T_48.8;
    %flag_set/vec4 8;
    %jmp/0xz  T_48.6, 8;
    %pushi/vec4 1, 0, 1;
    %assign/vec4 v0x126832920_0, 0;
    %pushi/vec4 1, 0, 1;
    %assign/vec4 v0x126832770_0, 0;
    %pushi/vec4 0, 0, 2;
    %assign/vec4 v0x126832800_0, 0;
    %jmp T_48.7;
T_48.6 ;
    %load/vec4 v0x126832770_0;
    %flag_set/vec4 8;
    %jmp/0xz  T_48.10, 8;
    %load/vec4 v0x126832800_0;
    %addi 1, 0, 2;
    %assign/vec4 v0x126832800_0, 0;
    %load/vec4 v0x126832800_0;
    %cmpi/e 3, 0, 2;
    %jmp/0xz  T_48.12, 4;
    %pushi/vec4 0, 0, 1;
    %assign/vec4 v0x126832770_0, 0;
    %pushi/vec4 0, 0, 2;
    %assign/vec4 v0x126832800_0, 0;
    %pushi/vec4 0, 0, 1;
    %assign/vec4 v0x126832920_0, 0;
T_48.12 ;
T_48.10 ;
T_48.7 ;
T_48.3 ;
    %load/vec4 v0x126833250_0;
    %flag_set/vec4 10;
    %flag_get/vec4 10;
    %jmp/0 T_48.17, 10;
    %load/vec4 v0x12682c9d0_0;
    %pushi/vec4 2, 0, 2;
    %cmp/e;
    %flag_get/vec4 4;
    %and;
T_48.17;
    %flag_set/vec4 9;
    %flag_get/vec4 9;
    %jmp/0 T_48.16, 9;
    %load/vec4 v0x1268331a0_0;
    %and;
T_48.16;
    %flag_set/vec4 8;
    %jmp/0xz  T_48.14, 8;
    %pushi/vec4 0, 0, 1;
    %assign/vec4 v0x126833540_0, 0;
T_48.14 ;
T_48.1 ;
    %jmp T_48;
    .thread T_48;
    .scope S_0x125ee6e50;
T_49 ;
    %pushi/vec4 0, 0, 1;
    %store/vec4 v0x126834560_0, 0, 1;
    %end;
    .thread T_49;
    .scope S_0x125ee6e50;
T_50 ;
    %delay 5000, 0;
    %load/vec4 v0x126834560_0;
    %inv;
    %store/vec4 v0x126834560_0, 0, 1;
    %jmp T_50;
    .thread T_50;
    .scope S_0x125ee6e50;
T_51 ;
    %pushi/vec4 1, 0, 8;
    %ix/load 4, 0, 0;
    %flag_set/imm 4, 0;
    %store/vec4a v0x126835000, 4, 0;
    %pushi/vec4 2, 0, 8;
    %ix/load 4, 1, 0;
    %flag_set/imm 4, 0;
    %store/vec4a v0x126835000, 4, 0;
    %pushi/vec4 3, 0, 8;
    %ix/load 4, 2, 0;
    %flag_set/imm 4, 0;
    %store/vec4a v0x126835000, 4, 0;
    %pushi/vec4 4, 0, 8;
    %ix/load 4, 3, 0;
    %flag_set/imm 4, 0;
    %store/vec4a v0x126835000, 4, 0;
    %pushi/vec4 5, 0, 8;
    %ix/load 4, 4, 0;
    %flag_set/imm 4, 0;
    %store/vec4a v0x126835000, 4, 0;
    %pushi/vec4 6, 0, 8;
    %ix/load 4, 5, 0;
    %flag_set/imm 4, 0;
    %store/vec4a v0x126835000, 4, 0;
    %pushi/vec4 7, 0, 8;
    %ix/load 4, 6, 0;
    %flag_set/imm 4, 0;
    %store/vec4a v0x126835000, 4, 0;
    %pushi/vec4 8, 0, 8;
    %ix/load 4, 7, 0;
    %flag_set/imm 4, 0;
    %store/vec4a v0x126835000, 4, 0;
    %pushi/vec4 1, 0, 8;
    %ix/load 4, 8, 0;
    %flag_set/imm 4, 0;
    %store/vec4a v0x126835000, 4, 0;
    %pushi/vec4 2, 0, 8;
    %ix/load 4, 9, 0;
    %flag_set/imm 4, 0;
    %store/vec4a v0x126835000, 4, 0;
    %pushi/vec4 3, 0, 8;
    %ix/load 4, 10, 0;
    %flag_set/imm 4, 0;
    %store/vec4a v0x126835000, 4, 0;
    %pushi/vec4 4, 0, 8;
    %ix/load 4, 11, 0;
    %flag_set/imm 4, 0;
    %store/vec4a v0x126835000, 4, 0;
    %pushi/vec4 5, 0, 8;
    %ix/load 4, 12, 0;
    %flag_set/imm 4, 0;
    %store/vec4a v0x126835000, 4, 0;
    %pushi/vec4 6, 0, 8;
    %ix/load 4, 13, 0;
    %flag_set/imm 4, 0;
    %store/vec4a v0x126835000, 4, 0;
    %pushi/vec4 7, 0, 8;
    %ix/load 4, 14, 0;
    %flag_set/imm 4, 0;
    %store/vec4a v0x126835000, 4, 0;
    %pushi/vec4 8, 0, 8;
    %ix/load 4, 15, 0;
    %flag_set/imm 4, 0;
    %store/vec4a v0x126835000, 4, 0;
    %pushi/vec4 1, 0, 8;
    %ix/load 4, 0, 0;
    %flag_set/imm 4, 0;
    %store/vec4a v0x1268350a0, 4, 0;
    %pushi/vec4 0, 0, 8;
    %ix/load 4, 1, 0;
    %flag_set/imm 4, 0;
    %store/vec4a v0x1268350a0, 4, 0;
    %pushi/vec4 0, 0, 8;
    %ix/load 4, 2, 0;
    %flag_set/imm 4, 0;
    %store/vec4a v0x1268350a0, 4, 0;
    %pushi/vec4 0, 0, 8;
    %ix/load 4, 3, 0;
    %flag_set/imm 4, 0;
    %store/vec4a v0x1268350a0, 4, 0;
    %pushi/vec4 0, 0, 8;
    %ix/load 4, 4, 0;
    %flag_set/imm 4, 0;
    %store/vec4a v0x1268350a0, 4, 0;
    %pushi/vec4 1, 0, 8;
    %ix/load 4, 5, 0;
    %flag_set/imm 4, 0;
    %store/vec4a v0x1268350a0, 4, 0;
    %pushi/vec4 0, 0, 8;
    %ix/load 4, 6, 0;
    %flag_set/imm 4, 0;
    %store/vec4a v0x1268350a0, 4, 0;
    %pushi/vec4 0, 0, 8;
    %ix/load 4, 7, 0;
    %flag_set/imm 4, 0;
    %store/vec4a v0x1268350a0, 4, 0;
    %pushi/vec4 0, 0, 8;
    %ix/load 4, 8, 0;
    %flag_set/imm 4, 0;
    %store/vec4a v0x1268350a0, 4, 0;
    %pushi/vec4 0, 0, 8;
    %ix/load 4, 9, 0;
    %flag_set/imm 4, 0;
    %store/vec4a v0x1268350a0, 4, 0;
    %pushi/vec4 1, 0, 8;
    %ix/load 4, 10, 0;
    %flag_set/imm 4, 0;
    %store/vec4a v0x1268350a0, 4, 0;
    %pushi/vec4 0, 0, 8;
    %ix/load 4, 11, 0;
    %flag_set/imm 4, 0;
    %store/vec4a v0x1268350a0, 4, 0;
    %pushi/vec4 0, 0, 8;
    %ix/load 4, 12, 0;
    %flag_set/imm 4, 0;
    %store/vec4a v0x1268350a0, 4, 0;
    %pushi/vec4 0, 0, 8;
    %ix/load 4, 13, 0;
    %flag_set/imm 4, 0;
    %store/vec4a v0x1268350a0, 4, 0;
    %pushi/vec4 0, 0, 8;
    %ix/load 4, 14, 0;
    %flag_set/imm 4, 0;
    %store/vec4a v0x1268350a0, 4, 0;
    %pushi/vec4 1, 0, 8;
    %ix/load 4, 15, 0;
    %flag_set/imm 4, 0;
    %store/vec4a v0x1268350a0, 4, 0;
    %pushi/vec4 2, 0, 8;
    %ix/load 4, 0, 0;
    %flag_set/imm 4, 0;
    %store/vec4a v0x126835230, 4, 0;
    %pushi/vec4 0, 0, 8;
    %ix/load 4, 1, 0;
    %flag_set/imm 4, 0;
    %store/vec4a v0x126835230, 4, 0;
    %pushi/vec4 0, 0, 8;
    %ix/load 4, 2, 0;
    %flag_set/imm 4, 0;
    %store/vec4a v0x126835230, 4, 0;
    %pushi/vec4 0, 0, 8;
    %ix/load 4, 3, 0;
    %flag_set/imm 4, 0;
    %store/vec4a v0x126835230, 4, 0;
    %pushi/vec4 0, 0, 8;
    %ix/load 4, 4, 0;
    %flag_set/imm 4, 0;
    %store/vec4a v0x126835230, 4, 0;
    %pushi/vec4 2, 0, 8;
    %ix/load 4, 5, 0;
    %flag_set/imm 4, 0;
    %store/vec4a v0x126835230, 4, 0;
    %pushi/vec4 0, 0, 8;
    %ix/load 4, 6, 0;
    %flag_set/imm 4, 0;
    %store/vec4a v0x126835230, 4, 0;
    %pushi/vec4 0, 0, 8;
    %ix/load 4, 7, 0;
    %flag_set/imm 4, 0;
    %store/vec4a v0x126835230, 4, 0;
    %pushi/vec4 0, 0, 8;
    %ix/load 4, 8, 0;
    %flag_set/imm 4, 0;
    %store/vec4a v0x126835230, 4, 0;
    %pushi/vec4 0, 0, 8;
    %ix/load 4, 9, 0;
    %flag_set/imm 4, 0;
    %store/vec4a v0x126835230, 4, 0;
    %pushi/vec4 2, 0, 8;
    %ix/load 4, 10, 0;
    %flag_set/imm 4, 0;
    %store/vec4a v0x126835230, 4, 0;
    %pushi/vec4 0, 0, 8;
    %ix/load 4, 11, 0;
    %flag_set/imm 4, 0;
    %store/vec4a v0x126835230, 4, 0;
    %pushi/vec4 0, 0, 8;
    %ix/load 4, 12, 0;
    %flag_set/imm 4, 0;
    %store/vec4a v0x126835230, 4, 0;
    %pushi/vec4 0, 0, 8;
    %ix/load 4, 13, 0;
    %flag_set/imm 4, 0;
    %store/vec4a v0x126835230, 4, 0;
    %pushi/vec4 0, 0, 8;
    %ix/load 4, 14, 0;
    %flag_set/imm 4, 0;
    %store/vec4a v0x126835230, 4, 0;
    %pushi/vec4 2, 0, 8;
    %ix/load 4, 15, 0;
    %flag_set/imm 4, 0;
    %store/vec4a v0x126835230, 4, 0;
    %end;
    .thread T_51;
    .scope S_0x125ee6e50;
T_52 ;
    %vpi_call/w 3 225 "$dumpfile", "tb_topModule.fst" {0 0 0};
    %vpi_call/w 3 226 "$dumpvars", 32'sb00000000000000000000000000000000, S_0x125ee6e50 {0 0 0};
    %pushi/vec4 0, 0, 32;
    %store/vec4 v0x126834b60_0, 0, 32;
    %pushi/vec4 0, 0, 32;
    %store/vec4 v0x126834770_0, 0, 32;
    %vpi_call/w 3 237 "$display", "=== TEST 1: input all-ones ===" {0 0 0};
    %fork TD_tb_topModule.do_reset, S_0x125ede090;
    %join;
    %pushi/vec4 1, 0, 8;
    %ix/load 4, 0, 0;
    %flag_set/imm 4, 0;
    %store/vec4a v0x126834d00, 4, 0;
    %pushi/vec4 1, 0, 8;
    %ix/load 4, 1, 0;
    %flag_set/imm 4, 0;
    %store/vec4a v0x126834d00, 4, 0;
    %pushi/vec4 1, 0, 8;
    %ix/load 4, 2, 0;
    %flag_set/imm 4, 0;
    %store/vec4a v0x126834d00, 4, 0;
    %pushi/vec4 1, 0, 8;
    %ix/load 4, 3, 0;
    %flag_set/imm 4, 0;
    %store/vec4a v0x126834d00, 4, 0;
    %pushi/vec4 0, 0, 32;
    %store/vec4 v0x125ed3600_0, 0, 32;
    %fork TD_tb_topModule.load_layer, S_0x125ece6f0;
    %join;
    %pushi/vec4 0, 0, 64;
    %store/vec4 v0x125e89b90_0, 0, 64;
    %fork TD_tb_topModule.send_weights, S_0x125eb9a40;
    %join;
    %fork TD_tb_topModule.send_inputs, S_0x125ef2570;
    %join;
T_52.0 ;
    %load/vec4 v0x12682d0c0_0;
    %pushi/vec4 3, 0, 3;
    %cmp/e;
    %flag_get/vec4 4;
    %cmpi/ne 1, 0, 1;
    %jmp/0xz T_52.1, 6;
    %wait E_0x125ea2120;
    %jmp T_52.0;
T_52.1 ;
    %wait E_0x125eeb780;
    %delay 1000, 0;
    %pushi/vec4 1, 0, 32;
    %store/vec4 v0x125ed3600_0, 0, 32;
    %fork TD_tb_topModule.load_layer, S_0x125ece6f0;
    %join;
    %pushi/vec4 1, 0, 64;
    %store/vec4 v0x125e89b90_0, 0, 64;
    %fork TD_tb_topModule.send_weights, S_0x125eb9a40;
    %join;
    %pushi/vec4 12, 0, 32;
    %store/vec4 v0x1268341b0_0, 0, 32;
    %pushi/vec4 16, 0, 32;
    %store/vec4 v0x126834250_0, 0, 32;
    %pushi/vec4 20, 0, 32;
    %store/vec4 v0x126834300_0, 0, 32;
    %pushi/vec4 24, 0, 32;
    %store/vec4 v0x1268343c0_0, 0, 32;
    %pushi/vec4 0, 0, 32; draw_string_vec4
    %pushi/vec4 0, 0, 32; draw_string_vec4
    %concat/vec4; draw_string_vec4
    %pushi/vec4 84, 0, 32; draw_string_vec4
    %concat/vec4; draw_string_vec4
    %pushi/vec4 825052208, 0, 32; draw_string_vec4
    %concat/vec4; draw_string_vec4
    %store/vec4 v0x126834470_0, 0, 128;
    %fork TD_tb_topModule.wait_and_check, S_0x126834040;
    %join;
    %fork TD_tb_topModule.send_inputs, S_0x125ef2570;
    %join;
T_52.2 ;
    %load/vec4 v0x12682d0c0_0;
    %pushi/vec4 3, 0, 3;
    %cmp/e;
    %flag_get/vec4 4;
    %cmpi/ne 1, 0, 1;
    %jmp/0xz T_52.3, 6;
    %wait E_0x125ea2120;
    %jmp T_52.2;
T_52.3 ;
    %wait E_0x125eeb780;
    %delay 1000, 0;
    %pushi/vec4 2, 0, 32;
    %store/vec4 v0x125ed3600_0, 0, 32;
    %fork TD_tb_topModule.load_layer, S_0x125ece6f0;
    %join;
    %pushi/vec4 2, 0, 64;
    %store/vec4 v0x125e89b90_0, 0, 64;
    %fork TD_tb_topModule.send_weights, S_0x125eb9a40;
    %join;
    %pushi/vec4 12, 0, 32;
    %store/vec4 v0x1268341b0_0, 0, 32;
    %pushi/vec4 16, 0, 32;
    %store/vec4 v0x126834250_0, 0, 32;
    %pushi/vec4 20, 0, 32;
    %store/vec4 v0x126834300_0, 0, 32;
    %pushi/vec4 24, 0, 32;
    %store/vec4 v0x1268343c0_0, 0, 32;
    %pushi/vec4 0, 0, 32; draw_string_vec4
    %pushi/vec4 0, 0, 32; draw_string_vec4
    %concat/vec4; draw_string_vec4
    %pushi/vec4 84, 0, 32; draw_string_vec4
    %concat/vec4; draw_string_vec4
    %pushi/vec4 825052209, 0, 32; draw_string_vec4
    %concat/vec4; draw_string_vec4
    %store/vec4 v0x126834470_0, 0, 128;
    %fork TD_tb_topModule.wait_and_check, S_0x126834040;
    %join;
    %fork TD_tb_topModule.send_inputs, S_0x125ef2570;
    %join;
    %pushi/vec4 24, 0, 32;
    %store/vec4 v0x1268341b0_0, 0, 32;
    %pushi/vec4 32, 0, 32;
    %store/vec4 v0x126834250_0, 0, 32;
    %pushi/vec4 40, 0, 32;
    %store/vec4 v0x126834300_0, 0, 32;
    %pushi/vec4 48, 0, 32;
    %store/vec4 v0x1268343c0_0, 0, 32;
    %pushi/vec4 0, 0, 32; draw_string_vec4
    %pushi/vec4 0, 0, 32; draw_string_vec4
    %concat/vec4; draw_string_vec4
    %pushi/vec4 84, 0, 32; draw_string_vec4
    %concat/vec4; draw_string_vec4
    %pushi/vec4 825052210, 0, 32; draw_string_vec4
    %concat/vec4; draw_string_vec4
    %store/vec4 v0x126834470_0, 0, 128;
    %fork TD_tb_topModule.wait_and_check, S_0x126834040;
    %join;
    %vpi_call/w 3 270 "$display", "=== TEST 2: input all-twos ===" {0 0 0};
    %fork TD_tb_topModule.do_reset, S_0x125ede090;
    %join;
    %pushi/vec4 2, 0, 8;
    %ix/load 4, 0, 0;
    %flag_set/imm 4, 0;
    %store/vec4a v0x126834d00, 4, 0;
    %pushi/vec4 2, 0, 8;
    %ix/load 4, 1, 0;
    %flag_set/imm 4, 0;
    %store/vec4a v0x126834d00, 4, 0;
    %pushi/vec4 2, 0, 8;
    %ix/load 4, 2, 0;
    %flag_set/imm 4, 0;
    %store/vec4a v0x126834d00, 4, 0;
    %pushi/vec4 2, 0, 8;
    %ix/load 4, 3, 0;
    %flag_set/imm 4, 0;
    %store/vec4a v0x126834d00, 4, 0;
    %pushi/vec4 0, 0, 32;
    %store/vec4 v0x125ed3600_0, 0, 32;
    %fork TD_tb_topModule.load_layer, S_0x125ece6f0;
    %join;
    %pushi/vec4 0, 0, 64;
    %store/vec4 v0x125e89b90_0, 0, 64;
    %fork TD_tb_topModule.send_weights, S_0x125eb9a40;
    %join;
    %fork TD_tb_topModule.send_inputs, S_0x125ef2570;
    %join;
T_52.4 ;
    %load/vec4 v0x12682d0c0_0;
    %pushi/vec4 3, 0, 3;
    %cmp/e;
    %flag_get/vec4 4;
    %cmpi/ne 1, 0, 1;
    %jmp/0xz T_52.5, 6;
    %wait E_0x125ea2120;
    %jmp T_52.4;
T_52.5 ;
    %wait E_0x125eeb780;
    %delay 1000, 0;
    %pushi/vec4 1, 0, 32;
    %store/vec4 v0x125ed3600_0, 0, 32;
    %fork TD_tb_topModule.load_layer, S_0x125ece6f0;
    %join;
    %pushi/vec4 1, 0, 64;
    %store/vec4 v0x125e89b90_0, 0, 64;
    %fork TD_tb_topModule.send_weights, S_0x125eb9a40;
    %join;
    %pushi/vec4 24, 0, 32;
    %store/vec4 v0x1268341b0_0, 0, 32;
    %pushi/vec4 32, 0, 32;
    %store/vec4 v0x126834250_0, 0, 32;
    %pushi/vec4 40, 0, 32;
    %store/vec4 v0x126834300_0, 0, 32;
    %pushi/vec4 48, 0, 32;
    %store/vec4 v0x1268343c0_0, 0, 32;
    %pushi/vec4 0, 0, 32; draw_string_vec4
    %pushi/vec4 0, 0, 32; draw_string_vec4
    %concat/vec4; draw_string_vec4
    %pushi/vec4 84, 0, 32; draw_string_vec4
    %concat/vec4; draw_string_vec4
    %pushi/vec4 841829424, 0, 32; draw_string_vec4
    %concat/vec4; draw_string_vec4
    %store/vec4 v0x126834470_0, 0, 128;
    %fork TD_tb_topModule.wait_and_check, S_0x126834040;
    %join;
    %fork TD_tb_topModule.send_inputs, S_0x125ef2570;
    %join;
T_52.6 ;
    %load/vec4 v0x12682d0c0_0;
    %pushi/vec4 3, 0, 3;
    %cmp/e;
    %flag_get/vec4 4;
    %cmpi/ne 1, 0, 1;
    %jmp/0xz T_52.7, 6;
    %wait E_0x125ea2120;
    %jmp T_52.6;
T_52.7 ;
    %wait E_0x125eeb780;
    %delay 1000, 0;
    %pushi/vec4 2, 0, 32;
    %store/vec4 v0x125ed3600_0, 0, 32;
    %fork TD_tb_topModule.load_layer, S_0x125ece6f0;
    %join;
    %pushi/vec4 2, 0, 64;
    %store/vec4 v0x125e89b90_0, 0, 64;
    %fork TD_tb_topModule.send_weights, S_0x125eb9a40;
    %join;
    %pushi/vec4 24, 0, 32;
    %store/vec4 v0x1268341b0_0, 0, 32;
    %pushi/vec4 32, 0, 32;
    %store/vec4 v0x126834250_0, 0, 32;
    %pushi/vec4 40, 0, 32;
    %store/vec4 v0x126834300_0, 0, 32;
    %pushi/vec4 48, 0, 32;
    %store/vec4 v0x1268343c0_0, 0, 32;
    %pushi/vec4 0, 0, 32; draw_string_vec4
    %pushi/vec4 0, 0, 32; draw_string_vec4
    %concat/vec4; draw_string_vec4
    %pushi/vec4 84, 0, 32; draw_string_vec4
    %concat/vec4; draw_string_vec4
    %pushi/vec4 841829425, 0, 32; draw_string_vec4
    %concat/vec4; draw_string_vec4
    %store/vec4 v0x126834470_0, 0, 128;
    %fork TD_tb_topModule.wait_and_check, S_0x126834040;
    %join;
    %fork TD_tb_topModule.send_inputs, S_0x125ef2570;
    %join;
    %pushi/vec4 48, 0, 32;
    %store/vec4 v0x1268341b0_0, 0, 32;
    %pushi/vec4 64, 0, 32;
    %store/vec4 v0x126834250_0, 0, 32;
    %pushi/vec4 80, 0, 32;
    %store/vec4 v0x126834300_0, 0, 32;
    %pushi/vec4 96, 0, 32;
    %store/vec4 v0x1268343c0_0, 0, 32;
    %pushi/vec4 0, 0, 32; draw_string_vec4
    %pushi/vec4 0, 0, 32; draw_string_vec4
    %concat/vec4; draw_string_vec4
    %pushi/vec4 84, 0, 32; draw_string_vec4
    %concat/vec4; draw_string_vec4
    %pushi/vec4 841829426, 0, 32; draw_string_vec4
    %concat/vec4; draw_string_vec4
    %store/vec4 v0x126834470_0, 0, 128;
    %fork TD_tb_topModule.wait_and_check, S_0x126834040;
    %join;
    %vpi_call/w 3 295 "$display", "=== TEST 3: input all-zeros ===" {0 0 0};
    %fork TD_tb_topModule.do_reset, S_0x125ede090;
    %join;
    %pushi/vec4 0, 0, 8;
    %ix/load 4, 0, 0;
    %flag_set/imm 4, 0;
    %store/vec4a v0x126834d00, 4, 0;
    %pushi/vec4 0, 0, 8;
    %ix/load 4, 1, 0;
    %flag_set/imm 4, 0;
    %store/vec4a v0x126834d00, 4, 0;
    %pushi/vec4 0, 0, 8;
    %ix/load 4, 2, 0;
    %flag_set/imm 4, 0;
    %store/vec4a v0x126834d00, 4, 0;
    %pushi/vec4 0, 0, 8;
    %ix/load 4, 3, 0;
    %flag_set/imm 4, 0;
    %store/vec4a v0x126834d00, 4, 0;
    %pushi/vec4 0, 0, 32;
    %store/vec4 v0x125ed3600_0, 0, 32;
    %fork TD_tb_topModule.load_layer, S_0x125ece6f0;
    %join;
    %pushi/vec4 0, 0, 64;
    %store/vec4 v0x125e89b90_0, 0, 64;
    %fork TD_tb_topModule.send_weights, S_0x125eb9a40;
    %join;
    %fork TD_tb_topModule.send_inputs, S_0x125ef2570;
    %join;
T_52.8 ;
    %load/vec4 v0x12682d0c0_0;
    %pushi/vec4 3, 0, 3;
    %cmp/e;
    %flag_get/vec4 4;
    %cmpi/ne 1, 0, 1;
    %jmp/0xz T_52.9, 6;
    %wait E_0x125ea2120;
    %jmp T_52.8;
T_52.9 ;
    %wait E_0x125eeb780;
    %delay 1000, 0;
    %pushi/vec4 1, 0, 32;
    %store/vec4 v0x125ed3600_0, 0, 32;
    %fork TD_tb_topModule.load_layer, S_0x125ece6f0;
    %join;
    %pushi/vec4 1, 0, 64;
    %store/vec4 v0x125e89b90_0, 0, 64;
    %fork TD_tb_topModule.send_weights, S_0x125eb9a40;
    %join;
    %pushi/vec4 0, 0, 32;
    %store/vec4 v0x1268341b0_0, 0, 32;
    %pushi/vec4 0, 0, 32;
    %store/vec4 v0x126834250_0, 0, 32;
    %pushi/vec4 0, 0, 32;
    %store/vec4 v0x126834300_0, 0, 32;
    %pushi/vec4 0, 0, 32;
    %store/vec4 v0x1268343c0_0, 0, 32;
    %pushi/vec4 0, 0, 32; draw_string_vec4
    %pushi/vec4 0, 0, 32; draw_string_vec4
    %concat/vec4; draw_string_vec4
    %pushi/vec4 84, 0, 32; draw_string_vec4
    %concat/vec4; draw_string_vec4
    %pushi/vec4 858606640, 0, 32; draw_string_vec4
    %concat/vec4; draw_string_vec4
    %store/vec4 v0x126834470_0, 0, 128;
    %fork TD_tb_topModule.wait_and_check, S_0x126834040;
    %join;
    %fork TD_tb_topModule.send_inputs, S_0x125ef2570;
    %join;
T_52.10 ;
    %load/vec4 v0x12682d0c0_0;
    %pushi/vec4 3, 0, 3;
    %cmp/e;
    %flag_get/vec4 4;
    %cmpi/ne 1, 0, 1;
    %jmp/0xz T_52.11, 6;
    %wait E_0x125ea2120;
    %jmp T_52.10;
T_52.11 ;
    %wait E_0x125eeb780;
    %delay 1000, 0;
    %pushi/vec4 2, 0, 32;
    %store/vec4 v0x125ed3600_0, 0, 32;
    %fork TD_tb_topModule.load_layer, S_0x125ece6f0;
    %join;
    %pushi/vec4 2, 0, 64;
    %store/vec4 v0x125e89b90_0, 0, 64;
    %fork TD_tb_topModule.send_weights, S_0x125eb9a40;
    %join;
    %pushi/vec4 0, 0, 32;
    %store/vec4 v0x1268341b0_0, 0, 32;
    %pushi/vec4 0, 0, 32;
    %store/vec4 v0x126834250_0, 0, 32;
    %pushi/vec4 0, 0, 32;
    %store/vec4 v0x126834300_0, 0, 32;
    %pushi/vec4 0, 0, 32;
    %store/vec4 v0x1268343c0_0, 0, 32;
    %pushi/vec4 0, 0, 32; draw_string_vec4
    %pushi/vec4 0, 0, 32; draw_string_vec4
    %concat/vec4; draw_string_vec4
    %pushi/vec4 84, 0, 32; draw_string_vec4
    %concat/vec4; draw_string_vec4
    %pushi/vec4 858606641, 0, 32; draw_string_vec4
    %concat/vec4; draw_string_vec4
    %store/vec4 v0x126834470_0, 0, 128;
    %fork TD_tb_topModule.wait_and_check, S_0x126834040;
    %join;
    %fork TD_tb_topModule.send_inputs, S_0x125ef2570;
    %join;
    %pushi/vec4 0, 0, 32;
    %store/vec4 v0x1268341b0_0, 0, 32;
    %pushi/vec4 0, 0, 32;
    %store/vec4 v0x126834250_0, 0, 32;
    %pushi/vec4 0, 0, 32;
    %store/vec4 v0x126834300_0, 0, 32;
    %pushi/vec4 0, 0, 32;
    %store/vec4 v0x1268343c0_0, 0, 32;
    %pushi/vec4 0, 0, 32; draw_string_vec4
    %pushi/vec4 0, 0, 32; draw_string_vec4
    %concat/vec4; draw_string_vec4
    %pushi/vec4 84, 0, 32; draw_string_vec4
    %concat/vec4; draw_string_vec4
    %pushi/vec4 858606642, 0, 32; draw_string_vec4
    %concat/vec4; draw_string_vec4
    %store/vec4 v0x126834470_0, 0, 128;
    %fork TD_tb_topModule.wait_and_check, S_0x126834040;
    %join;
    %vpi_call/w 3 322 "$display", "=== TEST 4: input [1,2,3,4] ===" {0 0 0};
    %fork TD_tb_topModule.do_reset, S_0x125ede090;
    %join;
    %pushi/vec4 1, 0, 8;
    %ix/load 4, 0, 0;
    %flag_set/imm 4, 0;
    %store/vec4a v0x126834d00, 4, 0;
    %pushi/vec4 2, 0, 8;
    %ix/load 4, 1, 0;
    %flag_set/imm 4, 0;
    %store/vec4a v0x126834d00, 4, 0;
    %pushi/vec4 3, 0, 8;
    %ix/load 4, 2, 0;
    %flag_set/imm 4, 0;
    %store/vec4a v0x126834d00, 4, 0;
    %pushi/vec4 4, 0, 8;
    %ix/load 4, 3, 0;
    %flag_set/imm 4, 0;
    %store/vec4a v0x126834d00, 4, 0;
    %pushi/vec4 0, 0, 32;
    %store/vec4 v0x125ed3600_0, 0, 32;
    %fork TD_tb_topModule.load_layer, S_0x125ece6f0;
    %join;
    %pushi/vec4 0, 0, 64;
    %store/vec4 v0x125e89b90_0, 0, 64;
    %fork TD_tb_topModule.send_weights, S_0x125eb9a40;
    %join;
    %fork TD_tb_topModule.send_inputs, S_0x125ef2570;
    %join;
T_52.12 ;
    %load/vec4 v0x12682d0c0_0;
    %pushi/vec4 3, 0, 3;
    %cmp/e;
    %flag_get/vec4 4;
    %cmpi/ne 1, 0, 1;
    %jmp/0xz T_52.13, 6;
    %wait E_0x125ea2120;
    %jmp T_52.12;
T_52.13 ;
    %wait E_0x125eeb780;
    %delay 1000, 0;
    %pushi/vec4 1, 0, 32;
    %store/vec4 v0x125ed3600_0, 0, 32;
    %fork TD_tb_topModule.load_layer, S_0x125ece6f0;
    %join;
    %pushi/vec4 1, 0, 64;
    %store/vec4 v0x125e89b90_0, 0, 64;
    %fork TD_tb_topModule.send_weights, S_0x125eb9a40;
    %join;
    %pushi/vec4 34, 0, 32;
    %store/vec4 v0x1268341b0_0, 0, 32;
    %pushi/vec4 44, 0, 32;
    %store/vec4 v0x126834250_0, 0, 32;
    %pushi/vec4 54, 0, 32;
    %store/vec4 v0x126834300_0, 0, 32;
    %pushi/vec4 64, 0, 32;
    %store/vec4 v0x1268343c0_0, 0, 32;
    %pushi/vec4 0, 0, 32; draw_string_vec4
    %pushi/vec4 0, 0, 32; draw_string_vec4
    %concat/vec4; draw_string_vec4
    %pushi/vec4 84, 0, 32; draw_string_vec4
    %concat/vec4; draw_string_vec4
    %pushi/vec4 875383856, 0, 32; draw_string_vec4
    %concat/vec4; draw_string_vec4
    %store/vec4 v0x126834470_0, 0, 128;
    %fork TD_tb_topModule.wait_and_check, S_0x126834040;
    %join;
    %fork TD_tb_topModule.send_inputs, S_0x125ef2570;
    %join;
T_52.14 ;
    %load/vec4 v0x12682d0c0_0;
    %pushi/vec4 3, 0, 3;
    %cmp/e;
    %flag_get/vec4 4;
    %cmpi/ne 1, 0, 1;
    %jmp/0xz T_52.15, 6;
    %wait E_0x125ea2120;
    %jmp T_52.14;
T_52.15 ;
    %wait E_0x125eeb780;
    %delay 1000, 0;
    %pushi/vec4 2, 0, 32;
    %store/vec4 v0x125ed3600_0, 0, 32;
    %fork TD_tb_topModule.load_layer, S_0x125ece6f0;
    %join;
    %pushi/vec4 2, 0, 64;
    %store/vec4 v0x125e89b90_0, 0, 64;
    %fork TD_tb_topModule.send_weights, S_0x125eb9a40;
    %join;
    %pushi/vec4 34, 0, 32;
    %store/vec4 v0x1268341b0_0, 0, 32;
    %pushi/vec4 44, 0, 32;
    %store/vec4 v0x126834250_0, 0, 32;
    %pushi/vec4 54, 0, 32;
    %store/vec4 v0x126834300_0, 0, 32;
    %pushi/vec4 64, 0, 32;
    %store/vec4 v0x1268343c0_0, 0, 32;
    %pushi/vec4 0, 0, 32; draw_string_vec4
    %pushi/vec4 0, 0, 32; draw_string_vec4
    %concat/vec4; draw_string_vec4
    %pushi/vec4 84, 0, 32; draw_string_vec4
    %concat/vec4; draw_string_vec4
    %pushi/vec4 875383857, 0, 32; draw_string_vec4
    %concat/vec4; draw_string_vec4
    %store/vec4 v0x126834470_0, 0, 128;
    %fork TD_tb_topModule.wait_and_check, S_0x126834040;
    %join;
    %fork TD_tb_topModule.send_inputs, S_0x125ef2570;
    %join;
    %pushi/vec4 68, 0, 32;
    %store/vec4 v0x1268341b0_0, 0, 32;
    %pushi/vec4 88, 0, 32;
    %store/vec4 v0x126834250_0, 0, 32;
    %pushi/vec4 108, 0, 32;
    %store/vec4 v0x126834300_0, 0, 32;
    %pushi/vec4 128, 0, 32;
    %store/vec4 v0x1268343c0_0, 0, 32;
    %pushi/vec4 0, 0, 32; draw_string_vec4
    %pushi/vec4 0, 0, 32; draw_string_vec4
    %concat/vec4; draw_string_vec4
    %pushi/vec4 84, 0, 32; draw_string_vec4
    %concat/vec4; draw_string_vec4
    %pushi/vec4 875383858, 0, 32; draw_string_vec4
    %concat/vec4; draw_string_vec4
    %store/vec4 v0x126834470_0, 0, 128;
    %fork TD_tb_topModule.wait_and_check, S_0x126834040;
    %join;
    %vpi_call/w 3 346 "$display", "=== TEST 5: reset recovery ===" {0 0 0};
    %wait E_0x125eeb780;
    %delay 1000, 0;
    %pushi/vec4 1, 0, 1;
    %store/vec4 v0x1268346a0_0, 0, 1;
    %pushi/vec4 99, 0, 8;
    %store/vec4 v0x126834600_0, 0, 8;
    %pushi/vec4 2, 0, 32;
T_52.16 %dup/vec4;
    %pushi/vec4 0, 0, 32;
    %cmp/s;
    %jmp/1xz T_52.17, 5;
    %jmp/1 T_52.17, 4;
    %pushi/vec4 1, 0, 32;
    %sub;
    %wait E_0x125eeb780;
    %jmp T_52.16;
T_52.17 ;
    %pop/vec4 1;
    %fork TD_tb_topModule.do_reset, S_0x125ede090;
    %join;
    %pushi/vec4 1, 0, 8;
    %ix/load 4, 0, 0;
    %flag_set/imm 4, 0;
    %store/vec4a v0x126834d00, 4, 0;
    %pushi/vec4 1, 0, 8;
    %ix/load 4, 1, 0;
    %flag_set/imm 4, 0;
    %store/vec4a v0x126834d00, 4, 0;
    %pushi/vec4 1, 0, 8;
    %ix/load 4, 2, 0;
    %flag_set/imm 4, 0;
    %store/vec4a v0x126834d00, 4, 0;
    %pushi/vec4 1, 0, 8;
    %ix/load 4, 3, 0;
    %flag_set/imm 4, 0;
    %store/vec4a v0x126834d00, 4, 0;
    %pushi/vec4 0, 0, 32;
    %store/vec4 v0x125ed3600_0, 0, 32;
    %fork TD_tb_topModule.load_layer, S_0x125ece6f0;
    %join;
    %pushi/vec4 0, 0, 64;
    %store/vec4 v0x125e89b90_0, 0, 64;
    %fork TD_tb_topModule.send_weights, S_0x125eb9a40;
    %join;
    %fork TD_tb_topModule.send_inputs, S_0x125ef2570;
    %join;
T_52.18 ;
    %load/vec4 v0x12682d0c0_0;
    %pushi/vec4 3, 0, 3;
    %cmp/e;
    %flag_get/vec4 4;
    %cmpi/ne 1, 0, 1;
    %jmp/0xz T_52.19, 6;
    %wait E_0x125ea2120;
    %jmp T_52.18;
T_52.19 ;
    %wait E_0x125eeb780;
    %delay 1000, 0;
    %pushi/vec4 1, 0, 32;
    %store/vec4 v0x125ed3600_0, 0, 32;
    %fork TD_tb_topModule.load_layer, S_0x125ece6f0;
    %join;
    %pushi/vec4 1, 0, 64;
    %store/vec4 v0x125e89b90_0, 0, 64;
    %fork TD_tb_topModule.send_weights, S_0x125eb9a40;
    %join;
    %pushi/vec4 12, 0, 32;
    %store/vec4 v0x1268341b0_0, 0, 32;
    %pushi/vec4 16, 0, 32;
    %store/vec4 v0x126834250_0, 0, 32;
    %pushi/vec4 20, 0, 32;
    %store/vec4 v0x126834300_0, 0, 32;
    %pushi/vec4 24, 0, 32;
    %store/vec4 v0x1268343c0_0, 0, 32;
    %pushi/vec4 0, 0, 32; draw_string_vec4
    %pushi/vec4 0, 0, 32; draw_string_vec4
    %concat/vec4; draw_string_vec4
    %pushi/vec4 84, 0, 32; draw_string_vec4
    %concat/vec4; draw_string_vec4
    %pushi/vec4 892161072, 0, 32; draw_string_vec4
    %concat/vec4; draw_string_vec4
    %store/vec4 v0x126834470_0, 0, 128;
    %fork TD_tb_topModule.wait_and_check, S_0x126834040;
    %join;
    %fork TD_tb_topModule.send_inputs, S_0x125ef2570;
    %join;
T_52.20 ;
    %load/vec4 v0x12682d0c0_0;
    %pushi/vec4 3, 0, 3;
    %cmp/e;
    %flag_get/vec4 4;
    %cmpi/ne 1, 0, 1;
    %jmp/0xz T_52.21, 6;
    %wait E_0x125ea2120;
    %jmp T_52.20;
T_52.21 ;
    %wait E_0x125eeb780;
    %delay 1000, 0;
    %pushi/vec4 2, 0, 32;
    %store/vec4 v0x125ed3600_0, 0, 32;
    %fork TD_tb_topModule.load_layer, S_0x125ece6f0;
    %join;
    %pushi/vec4 2, 0, 64;
    %store/vec4 v0x125e89b90_0, 0, 64;
    %fork TD_tb_topModule.send_weights, S_0x125eb9a40;
    %join;
    %pushi/vec4 12, 0, 32;
    %store/vec4 v0x1268341b0_0, 0, 32;
    %pushi/vec4 16, 0, 32;
    %store/vec4 v0x126834250_0, 0, 32;
    %pushi/vec4 20, 0, 32;
    %store/vec4 v0x126834300_0, 0, 32;
    %pushi/vec4 24, 0, 32;
    %store/vec4 v0x1268343c0_0, 0, 32;
    %pushi/vec4 0, 0, 32; draw_string_vec4
    %pushi/vec4 0, 0, 32; draw_string_vec4
    %concat/vec4; draw_string_vec4
    %pushi/vec4 84, 0, 32; draw_string_vec4
    %concat/vec4; draw_string_vec4
    %pushi/vec4 892161073, 0, 32; draw_string_vec4
    %concat/vec4; draw_string_vec4
    %store/vec4 v0x126834470_0, 0, 128;
    %fork TD_tb_topModule.wait_and_check, S_0x126834040;
    %join;
    %fork TD_tb_topModule.send_inputs, S_0x125ef2570;
    %join;
    %pushi/vec4 24, 0, 32;
    %store/vec4 v0x1268341b0_0, 0, 32;
    %pushi/vec4 32, 0, 32;
    %store/vec4 v0x126834250_0, 0, 32;
    %pushi/vec4 40, 0, 32;
    %store/vec4 v0x126834300_0, 0, 32;
    %pushi/vec4 48, 0, 32;
    %store/vec4 v0x1268343c0_0, 0, 32;
    %pushi/vec4 0, 0, 32; draw_string_vec4
    %pushi/vec4 0, 0, 32; draw_string_vec4
    %concat/vec4; draw_string_vec4
    %pushi/vec4 84, 0, 32; draw_string_vec4
    %concat/vec4; draw_string_vec4
    %pushi/vec4 892161074, 0, 32; draw_string_vec4
    %concat/vec4; draw_string_vec4
    %store/vec4 v0x126834470_0, 0, 128;
    %fork TD_tb_topModule.wait_and_check, S_0x126834040;
    %join;
    %vpi_call/w 3 372 "$display", "\000" {0 0 0};
    %vpi_call/w 3 373 "$display", "=== RESULTS: %0d passed, %0d failed ===", v0x126834b60_0, v0x126834770_0 {0 0 0};
    %load/vec4 v0x126834770_0;
    %cmpi/e 0, 0, 32;
    %jmp/0xz  T_52.22, 4;
    %vpi_call/w 3 375 "$display", "ALL TESTS PASSED" {0 0 0};
    %jmp T_52.23;
T_52.22 ;
    %vpi_call/w 3 377 "$display", "FAILURES DETECTED \342\200\224 check waveform" {0 0 0};
T_52.23 ;
    %vpi_call/w 3 378 "$finish" {0 0 0};
    %end;
    .thread T_52;
# The file index is used to find the file name in the following table.
:file_names 12;
    "N/A";
    "<interactive>";
    "-";
    "tests/toplevel_tb.sv";
    "topModule/topModule.sv";
    "compute/systolic_array.sv";
    "compute/pe.sv";
    "compute/mac.sv";
    "control/fsm_controller.sv";
    "memory/input_buffer.sv";
    "memory/output_buffer.sv";
    "memory/weight_buffer.sv";
